id_image,file_name,width,height
103064,103064.jpg,524,581
103071,103071.jpg,644,709
103072,103072.jpg,637,590
103081,103081.jpg,658,586
103082,103082.jpg,1134,759
103091,103091.jpg,888,608
103092,103092.jpg,1023,1013
103093,103093.jpg,1001,911
103094,103094.jpg,915,817
103095,103095.jpg,756,872
103101,103101.jpg,918,1000
103111,103111.jpg,711,685
103112,103112.jpg,930,1013
103113,103113.jpg,632,754
103121,103121.jpg,856,974
103131,103131.jpg,608,625
103132,103132.jpg,764,548
103133,103133.jpg,634,633
103141,103141.jpg,756,697
103142,103142.jpg,691,665
103143,103143.jpg,934,651
103161,103161.jpg,855,872
103162,103162.jpg,758,732
103163,103163.jpg,736,732
103181,103181.jpg,954,780
103182,103182.jpg,699,592
103183,103183.jpg,662,578
103184,103184.jpg,559,644
103191,103191.jpg,921,902
103192,103192.jpg,620,789
103193,103193.jpg,647,860
103201,103201.jpg,588,565
103202,103202.jpg,772,791
103203,103203.jpg,906,761
103212,103212.jpg,738,593
103213,103213.jpg,640,604
103214,103214.jpg,700,736
103215,103215.jpg,601,586
103221,103221.jpg,621,602
1032291,1032291.jpg,1005,888
1032292,1032292.jpg,845,727
1032293,1032293.jpg,567,758
1032302,1032302.jpg,709,659
1032303,1032303.jpg,638,599
103231,103231.jpg,722,678
103232,103232.jpg,728,664
104011,104011.jpg,873,973
104013,104013.jpg,1064,647
104022,104022.jpg,662,582
104023,104023.jpg,857,619
104024,104024.jpg,768,760
104031,104031.jpg,860,579
104032,104032.jpg,747,798
104033,104033.jpg,645,595
104062,104062.jpg,1088,988
104071,104071.jpg,1039,806
104072,104072.jpg,730,609
104074,104074.jpg,1076,966
104081,104081.jpg,674,649
104082,104082.jpg,503,522
104083,104083.jpg,730,565
104092,104092.jpg,699,671
104103,104103.jpg,886,714
104112,104112.jpg,796,675
104113,104113.jpg,768,707
104114,104114.jpg,651,939
104133,104133.jpg,842,701
104134,104134.jpg,741,776
104141,104141.jpg,687,648
104142,104142.jpg,786,739
104143,104143.jpg,1056,1019
104144,104144.jpg,676,927
104151,104151.jpg,652,671
104153,104153.jpg,624,725
104162,104162.jpg,1360,1024
104163,104163.jpg,741,864
104164,104164.jpg,631,842
104171,104171.jpg,787,636
104172,104172.jpg,749,970
104173,104173.jpg,808,845
104174,104174.jpg,791,824
104181,104181.jpg,1016,635
104182,104182.jpg,738,752
104183,104183.jpg,830,674
104184,104184.jpg,913,649
104191,104191.jpg,1360,1024
104192,104192.jpg,993,805
104193,104193.jpg,777,748
104201,104201.jpg,779,697
104202,104202.jpg,791,915
104203,104203.jpg,684,630
104204,104204.jpg,733,723
104212,104212.jpg,790,756
104221,104221.jpg,843,972
104222,104222.jpg,699,996
104224,104224.jpg,704,605
104231,104231.jpg,626,614
104232,104232.jpg,848,682
104241,104241.jpg,1360,1024
104244,104244.jpg,674,660
104251,104251.jpg,875,927
104252,104252.jpg,807,706
104253,104253.jpg,841,769
104261,104261.jpg,873,772
104262,104262.jpg,999,880
104263,104263.jpg,806,661
104272,104272.jpg,697,733
104274,104274.jpg,687,670
104281,104281.jpg,1177,872
104282,104282.jpg,810,730
104283,104283.jpg,756,780
104284,104284.jpg,700,982
104291,104291.jpg,975,656
104292,104292.jpg,1019,1015
104293,104293.jpg,943,1020
104294,104294.jpg,699,641
104301,104301.jpg,834,677
104303,104303.jpg,738,772
104304,104304.jpg,888,668
104313,104313.jpg,723,811
104321,104321.jpg,793,924
104322,104322.jpg,1030,688
104323,104323.jpg,830,679
104324,104324.jpg,858,792
104331,104331.jpg,854,742
104332,104332.jpg,642,635
104333,104333.jpg,786,628
104341,104341.jpg,903,859
104342,104342.jpg,772,766
104343,104343.jpg,756,670
104362,104362.jpg,717,691
104363,104363.jpg,1038,1024
104371,104371.jpg,727,625
104374,104374.jpg,782,820
104401,104401.jpg,652,662
104402,104402.jpg,736,720
104411,104411.jpg,831,734
104501,104501.jpg,843,681
104502,104502.jpg,668,754
104511,104511.jpg,866,958
104521,104521.jpg,815,929
104522,104522.jpg,811,729
104523,104523.jpg,689,692
104541,104541.jpg,723,681
104551,104551.jpg,673,670
104552,104552.jpg,515,534
104561,104561.jpg,969,862
104562,104562.jpg,765,578
104563,104563.jpg,1130,968
104571,104571.jpg,830,801
104572,104572.jpg,1064,983
104581,104581.jpg,739,873
104601,104601.jpg,898,777
104602,104602.jpg,676,779
104611,104611.jpg,845,901
104621,104621.jpg,717,777
104622,104622.jpg,1051,838
104631,104631.jpg,708,566
104632,104632.jpg,1056,688
104651,104651.jpg,1120,751
104652,104652.jpg,670,854
104661,104661.jpg,915,846
104671,104671.jpg,581,502
104672,104672.jpg,759,638
104681,104681.jpg,716,875
104691,104691.jpg,652,623
104692,104692.jpg,824,820
104693,104693.jpg,1360,1024
104711,104711.jpg,668,643
104712,104712.jpg,1010,885
104731,104731.jpg,573,895
104732,104732.jpg,780,654
104741,104741.jpg,752,684
104742,104742.jpg,686,560
104751,104751.jpg,811,899
104752,104752.jpg,1067,1013
104753,104753.jpg,635,656
104754,104754.jpg,677,715
104761,104761.jpg,720,655
104771,104771.jpg,810,670
104781,104781.jpg,761,963
104782,104782.jpg,593,635
104791,104791.jpg,850,630
104792,104792.jpg,1122,947
104793,104793.jpg,909,819
104801,104801.jpg,1243,912
104802,104802.jpg,778,635
104803,104803.jpg,942,834
104811,104811.jpg,633,932
104812,104812.jpg,654,667
104813,104813.jpg,898,659
104831,104831.jpg,1119,998
104832,104832.jpg,1097,1013
104833,104833.jpg,805,708
104834,104834.jpg,771,647
104851,104851.jpg,936,851
104852,104852.jpg,798,662
104853,104853.jpg,860,803
104871,104871.jpg,1102,1013
104872,104872.jpg,1105,879
104881,104881.jpg,563,737
104882,104882.jpg,715,800
104891,104891.jpg,819,629
104892,104892.jpg,689,496
104901,104901.jpg,509,731
104902,104902.jpg,566,684
104911,104911.jpg,546,635
104921,104921.jpg,789,707
104922,104922.jpg,780,719
104923,104923.jpg,934,619
104941,104941.jpg,700,546
104942,104942.jpg,1024,612
104943,104943.jpg,646,554
104951,104951.jpg,608,921
104952,104952.jpg,563,585
104961,104961.jpg,940,741
104962,104962.jpg,1044,642
104963,104963.jpg,610,664
104971,104971.jpg,691,667
104972,104972.jpg,945,792
104973,104973.jpg,654,535
104981,104981.jpg,619,689
104982,104982.jpg,668,721
104991,104991.jpg,646,597
104992,104992.jpg,609,754
1050012,1050012.jpg,891,868
1050013,1050013.jpg,944,784
1050021,1050021.jpg,852,822
1050022,1050022.jpg,558,566
1050023,1050023.jpg,554,529
1050024,1050024.jpg,838,807
1050025,1050025.jpg,556,672
1050031,1050031.jpg,976,673
1050032,1050032.jpg,1154,681
1050033,1050033.jpg,766,676
1050034,1050034.jpg,803,604
1050041,1050041.jpg,806,761
1050042,1050042.jpg,1000,955
1050043,1050043.jpg,557,619
1050044,1050044.jpg,681,937
1050051,1050051.jpg,678,709
1050052,1050052.jpg,596,743
1050053,1050053.jpg,748,826
1050054,1050054.jpg,676,661
1050061,1050061.jpg,922,999
1050062,1050062.jpg,598,646
1050063,1050063.jpg,602,679
1050064,1050064.jpg,620,611
1050071,1050071.jpg,635,642
1050072,1050072.jpg,768,634
1050073,1050073.jpg,1040,661
1050074,1050074.jpg,651,701
1050081,1050081.jpg,809,818
1050082,1050082.jpg,801,700
1050084,1050084.jpg,626,759
1050091,1050091.jpg,692,493
1050092,1050092.jpg,581,564
1050093,1050093.jpg,528,729
1050094,1050094.jpg,591,589
1050101,1050101.jpg,585,589
1050102,1050102.jpg,885,896
1050103,1050103.jpg,728,760
1050104,1050104.jpg,749,664
1050111,1050111.jpg,727,764
1050112,1050112.jpg,1051,761
1050113,1050113.jpg,893,861
1050114,1050114.jpg,861,571
1050121,1050121.jpg,581,787
1050122,1050122.jpg,813,845
1050123,1050123.jpg,708,603
1050131,1050131.jpg,678,630
1050132,1050132.jpg,685,630
1050133,1050133.jpg,841,894
1050134,1050134.jpg,657,606
1050141,1050141.jpg,593,582
1050142,1050142.jpg,627,712
1050143,1050143.jpg,623,525
1050144,1050144.jpg,1109,880
1050151,1050151.jpg,508,470
1050152,1050152.jpg,651,762
1050153,1050153.jpg,1225,883
1050161,1050161.jpg,597,476
1050162,1050162.jpg,602,585
1050163,1050163.jpg,821,1019
1050164,1050164.jpg,674,564
1050171,1050171.jpg,642,627
1050172,1050172.jpg,667,688
1050173,1050173.jpg,848,1015
1050174,1050174.jpg,583,787
1050181,1050181.jpg,666,769
1050182,1050182.jpg,648,665
1050183,1050183.jpg,757,685
1050184,1050184.jpg,721,767
1050191,1050191.jpg,858,1022
1050192,1050192.jpg,844,774
1050193,1050193.jpg,722,625
1050194,1050194.jpg,848,913
1050195,1050195.jpg,762,744
1050201,1050201.jpg,973,686
1050202,1050202.jpg,685,740
1050203,1050203.jpg,1025,955
1050211,1050211.jpg,848,976
1050211_1,1050211_1.jpg,793,842
1050212,1050212.jpg,702,680
1050212_1,1050212_1.jpg,758,865
1050213,1050213.jpg,669,658
1050213_1,1050213_1.jpg,760,700
1050214,1050214.jpg,789,511
105022,105022.jpg,859,807
1050221,1050221.jpg,586,567
1050221_1,1050221_1.jpg,688,1012
1050222,1050222.jpg,622,668
1050222_1,1050222_1.jpg,681,987
1050223,1050223.jpg,565,662
1050223_1,1050223_1.jpg,722,695
1050224,1050224.jpg,576,607
1050224_1,1050224_1.jpg,650,571
1050225_1,1050225_1.jpg,808,987
105023,105023.jpg,672,702
1050231,1050231.jpg,645,787
1050231_1,1050231_1.jpg,731,967
1050232,1050232.jpg,727,628
1050232_1,1050232_1.jpg,630,649
1050233,1050233.jpg,746,688
1050233_1,1050233_1.jpg,698,760
1050234,1050234.jpg,1005,979
1050241,1050241.jpg,606,535
1050241_1,1050241_1.jpg,565,593
1050242,1050242.jpg,565,669
1050242_1,1050242_1.jpg,561,742
1050243,1050243.jpg,636,730
1050244,1050244.jpg,673,747
1050244_1,1050244_1.jpg,576,605
1050245,1050245.jpg,451,499
1050251,1050251.jpg,1251,662
1050251_1,1050251_1.jpg,648,786
1050252,1050252.jpg,1157,779
1050252_1,1050252_1.jpg,540,724
1050253,1050253.jpg,683,544
1050253_1,1050253_1.jpg,592,741
1050254,1050254.jpg,719,722
1050261,1050261.jpg,1100,865
1050261_1,1050261_1.jpg,572,737
1050262,1050262.jpg,741,821
1050263,1050263.jpg,694,629
1050264,1050264.jpg,583,624
1050265,1050265.jpg,536,621
1050271,1050271.jpg,611,690
1050271_1,1050271_1.jpg,722,687
1050272,1050272.jpg,753,948
1050272_1,1050272_1.jpg,1077,941
1050273,1050273.jpg,642,563
1050273_1,1050273_1.jpg,660,630
1050274,1050274.jpg,696,851
1050275,1050275.jpg,581,440
1050276,1050276.jpg,569,641
1050281,1050281.jpg,700,660
1050281_1,1050281_1.jpg,637,677
1050282,1050282.jpg,841,722
1050282_1,1050282_1.jpg,789,973
1050283,1050283.jpg,648,720
1050291,1050291.jpg,966,733
1050291_1,1050291_1.jpg,935,822
1050292,1050292.jpg,521,627
1050292_1,1050292_1.jpg,722,790
1050294,1050294.jpg,635,638
1050301,1050301.jpg,655,787
1050301_1,1050301_1.jpg,682,760
1050302,1050302.jpg,583,634
1050302_1,1050302_1.jpg,791,827
1050303,1050303.jpg,631,556
1050303_1,1050303_1.jpg,588,873
105031,105031.jpg,555,665
1050311,1050311.jpg,1032,751
1050312,1050312.jpg,1090,801
1050312_1,1050312_1.jpg,649,676
1050313,1050313.jpg,712,617
1050314,1050314.jpg,649,695
105032,105032.jpg,671,689
1050321,1050321.jpg,1135,919
1050321_1,1050321_1.jpg,734,601
1050322,1050322.jpg,973,655
1050322_1,1050322_1.jpg,762,700
1050323,1050323.jpg,643,675
1050323_1,1050323_1.jpg,724,693
1050324,1050324.jpg,732,933
1050324_1,1050324_1.jpg,786,685
1050325,1050325.jpg,694,783
1050331,1050331.jpg,1315,680
1050332,1050332.jpg,823,668
1050332_1,1050332_1.jpg,780,977
1050334,1050334.jpg,806,799
1050341,1050341.jpg,919,833
1050342,1050342.jpg,908,878
1050342_1,1050342_1.jpg,679,789
1050343,1050343.jpg,714,748
1050343_1,1050343_1.jpg,682,766
1050344,1050344.jpg,630,596
1050351,1050351.jpg,844,904
1050351_1,1050351_1.jpg,788,663
1050352,1050352.jpg,718,720
1050352_1,1050352_1.jpg,643,682
1050353,1050353.jpg,1060,752
1050361,1050361.jpg,948,836
1050362,1050362.jpg,625,667
1050362_1,1050362_1.jpg,988,628
1050363,1050363.jpg,621,662
1050363_1,1050363_1.jpg,578,555
1050364,1050364.jpg,863,746
1050371,1050371.jpg,630,640
1050372,1050372.jpg,624,713
1050373,1050373.jpg,733,611
1050374,1050374.jpg,528,496
1050382,1050382.jpg,612,572
1050383,1050383.jpg,711,640
1050391,1050391.jpg,822,724
1050392,1050392.jpg,734,545
1050401,1050401.jpg,656,771
1050402,1050402.jpg,722,845
1050403,1050403.jpg,554,620
105041,105041.jpg,588,721
1050411,1050411.jpg,686,681
105042,105042.jpg,510,672
1050421,1050421.jpg,690,678
1050422,1050422.jpg,707,629
1050431,1050431.jpg,952,881
1050433,1050433.jpg,676,522
1050434,1050434.jpg,560,568
1050442,1050442.jpg,714,674
1050451,1050451.jpg,990,758
1050452,1050452.jpg,886,819
1050453,1050453.jpg,672,532
1050461,1050461.jpg,793,536
1050462,1050462.jpg,864,697
1050471,1050471.jpg,1217,1008
1050472,1050472.jpg,756,883
1050473,1050473.jpg,662,568
1050474,1050474.jpg,753,794
1050481,1050481.jpg,617,503
1050491,1050491.jpg,866,606
1050492,1050492.jpg,727,637
1050493,1050493.jpg,522,474
1050495,1050495.jpg,619,546
1050501,1050501.jpg,641,722
1050502,1050502.jpg,1044,867
1050503,1050503.jpg,679,681
1050504,1050504.jpg,591,643
105051,105051.jpg,678,850
1050511,1050511.jpg,977,947
1050512,1050512.jpg,754,718
1050513,1050513.jpg,679,902
1050521,1050521.jpg,539,642
1050522,1050522.jpg,985,943
1050523,1050523.jpg,661,773
1050531,1050531.jpg,781,537
1050532,1050532.jpg,841,806
1050533,1050533.jpg,648,708
1050534,1050534.jpg,688,766
1050541,1050541.jpg,812,1018
1050542,1050542.jpg,634,475
1050543,1050543.jpg,634,594
1050551,1050551.jpg,561,603
1050552,1050552.jpg,659,495
1050553,1050553.jpg,702,602
1050554,1050554.jpg,759,881
1050561,1050561.jpg,851,657
1050562,1050562.jpg,595,528
1050563,1050563.jpg,725,696
1050571,1050571.jpg,877,851
1050572,1050572.jpg,770,647
1050573,1050573.jpg,730,816
1050581,1050581.jpg,553,577
1050582,1050582.jpg,719,774
1050583,1050583.jpg,959,898
1050591,1050591.jpg,844,709
1050592,1050592.jpg,1106,672
1050593,1050593.jpg,568,526
1050594,1050594.jpg,491,551
1050601,1050601.jpg,531,595
1050602,1050602.jpg,774,587
1050603,1050603.jpg,603,533
105061,105061.jpg,833,969
1050611,1050611.jpg,589,652
1050612,1050612.jpg,776,642
1050613,1050613.jpg,661,724
105062,105062.jpg,502,686
1050621,1050621.jpg,1028,753
1050622,1050622.jpg,936,868
1050623,1050623.jpg,870,602
1050631,1050631.jpg,1116,730
1050632,1050632.jpg,1266,924
1050633,1050633.jpg,892,775
1050641,1050641.jpg,549,684
1050642,1050642.jpg,678,629
1050643,1050643.jpg,572,585
1050644,1050644.jpg,716,635
1050651,1050651.jpg,898,760
1050652,1050652.jpg,615,818
1050653,1050653.jpg,720,582
1050654,1050654.jpg,648,614
1050661,1050661.jpg,645,948
1050663,1050663.jpg,713,740
1050671,1050671.jpg,620,635
1050672,1050672.jpg,595,684
1050681,1050681.jpg,716,990
1050682,1050682.jpg,813,514
1050683,1050683.jpg,649,575
1050684,1050684.jpg,901,735
1050691,1050691.jpg,900,794
1050692,1050692.jpg,793,821
1050693,1050693.jpg,687,629
1050701,1050701.jpg,609,606
1050702,1050702.jpg,738,724
1050703,1050703.jpg,984,902
1050704,1050704.jpg,615,619
105071,105071.jpg,641,634
1050711,1050711.jpg,1048,771
1050712,1050712.jpg,477,744
1050713,1050713.jpg,655,553
1050714,1050714.jpg,522,599
105072,105072.jpg,611,530
1050721,1050721.jpg,864,925
1050722,1050722.jpg,476,613
1050723,1050723.jpg,537,624
105073,105073.jpg,596,697
1050731,1050731.jpg,719,593
1050732,1050732.jpg,743,600
1050733,1050733.jpg,648,582
1050734,1050734.jpg,530,903
105074,105074.jpg,847,624
1050741,1050741.jpg,674,690
1050742,1050742.jpg,731,608
1050743,1050743.jpg,730,872
1050751,1050751.jpg,630,604
1050752,1050752.jpg,702,715
1050753,1050753.jpg,941,843
1050754,1050754.jpg,915,503
1050761,1050761.jpg,508,905
1050762,1050762.jpg,684,701
1050763,1050763.jpg,1285,777
1050764,1050764.jpg,679,580
1050771,1050771.jpg,825,588
1050772,1050772.jpg,942,620
1050773,1050773.jpg,618,560
1050774,1050774.jpg,580,637
1050781,1050781.jpg,625,677
1050782,1050782.jpg,604,556
1050783,1050783.jpg,591,597
1050791,1050791.jpg,736,643
1050792,1050792.jpg,635,723
1050793,1050793.jpg,600,545
1050801,1050801.jpg,632,827
1050802,1050802.jpg,722,758
1050803,1050803.jpg,638,895
1050804,1050804.jpg,646,653
105081,105081.jpg,709,676
1050811,1050811.jpg,647,618
1050812,1050812.jpg,826,652
1050813,1050813.jpg,702,679
1050815,1050815.jpg,652,800
105082,105082.jpg,675,807
1050821,1050821.jpg,692,821
1050822,1050822.jpg,665,536
1050823,1050823.jpg,548,585
105083,105083.jpg,854,611
1050831,1050831.jpg,751,606
1050832,1050832.jpg,786,613
1050842,1050842.jpg,614,624
1050851,1050851.jpg,576,559
1050852,1050852.jpg,564,605
1050853,1050853.jpg,659,681
1050854,1050854.jpg,1262,842
1050861,1050861.jpg,1076,720
1050862,1050862.jpg,637,700
1050871,1050871.jpg,604,648
1050872,1050872.jpg,760,865
1050873,1050873.jpg,611,707
1050881,1050881.jpg,1081,637
1050882,1050882.jpg,614,558
1050883,1050883.jpg,755,658
1050884,1050884.jpg,597,937
1050891,1050891.jpg,629,647
1050892,1050892.jpg,778,648
1050893,1050893.jpg,783,682
1050894,1050894.jpg,639,585
1050901,1050901.jpg,689,732
1050902,1050902.jpg,631,566
105091,105091.jpg,839,697
105092,105092.jpg,832,796
1050922,1050922.jpg,971,740
1050923,1050923.jpg,634,499
1050932,1050932.jpg,746,523
1050933,1050933.jpg,548,909
1050934,1050934.jpg,629,537
1050941,1050941.jpg,1017,968
1050942,1050942.jpg,1051,579
1050943,1050943.jpg,486,832
1050951,1050951.jpg,728,668
1050952,1050952.jpg,572,654
1050961,1050961.jpg,908,989
1050963,1050963.jpg,684,934
1050964,1050964.jpg,648,472
1050971,1050971.jpg,909,660
1050972,1050972.jpg,1203,815
1050973,1050973.jpg,646,585
1050974,1050974.jpg,506,682
1050981,1050981.jpg,1083,581
1050982,1050982.jpg,979,746
1050983,1050983.jpg,644,523
1050991,1050991.jpg,639,600
1050992,1050992.jpg,665,630
1050993,1050993.jpg,715,629
1051001,1051001.jpg,616,514
1051002,1051002.jpg,948,712
1051003,1051003.jpg,808,631
1051004,1051004.jpg,876,876
105101,105101.jpg,590,553
1051011,1051011.jpg,717,983
1051012,1051012.jpg,588,681
1051013,1051013.jpg,708,554
1051014,1051014.jpg,1078,799
105102,105102.jpg,1360,1024
1051021,1051021.jpg,594,556
1051022,1051022.jpg,628,616
1051023,1051023.jpg,664,946
1051024,1051024.jpg,825,627
1051025,1051025.jpg,599,719
105103,105103.jpg,798,678
1051031,1051031.jpg,1229,883
1051032,1051032.jpg,684,698
1051033,1051033.jpg,762,715
1051034,1051034.jpg,695,728
1051041,1051041.jpg,1019,864
1051042,1051042.jpg,746,583
1051043,1051043.jpg,528,654
1051051,1051051.jpg,793,932
1051052,1051052.jpg,796,508
1051061,1051061.jpg,705,669
1051062,1051062.jpg,837,753
1051071,1051071.jpg,722,634
1051072,1051072.jpg,770,854
1051073,1051073.jpg,671,645
1051081,1051081.jpg,593,641
1051082,1051082.jpg,576,647
1051083,1051083.jpg,612,576
1051091,1051091.jpg,1102,783
1051092,1051092.jpg,722,625
1051093,1051093.jpg,640,713
1051101,1051101.jpg,749,504
105111,105111.jpg,796,874
1051111,1051111.jpg,551,706
1051112,1051112.jpg,789,523
105112,105112.jpg,535,476
1051121,1051121.jpg,557,637
1051122,1051122.jpg,498,546
105113,105113.jpg,735,717
1051131,1051131.jpg,546,664
1051141,1051141.jpg,701,589
1051142,1051142.jpg,607,806
1051151,1051151.jpg,720,612
1051152,1051152.jpg,510,718
1051153,1051153.jpg,722,855
1051161,1051161.jpg,1080,654
1051162,1051162.jpg,788,492
1051163,1051163.jpg,777,581
1051171,1051171.jpg,639,571
1051172,1051172.jpg,713,839
1051181,1051181.jpg,650,606
1051182,1051182.jpg,459,604
1051183,1051183.jpg,732,771
1051191,1051191.jpg,674,648
1051192,1051192.jpg,710,726
1051193,1051193.jpg,515,616
1051201,1051201.jpg,582,647
1051202,1051202.jpg,579,681
105121,105121.jpg,598,719
1051211,1051211.jpg,525,560
1051212,1051212.jpg,664,695
1051213,1051213.jpg,871,633
1051214,1051214.jpg,714,670
105122,105122.jpg,640,883
1051221,1051221.jpg,692,685
1051222,1051222.jpg,969,729
105123,105123.jpg,853,985
1051231,1051231.jpg,1034,964
1051232,1051232.jpg,702,682
1051233,1051233.jpg,544,555
1051241,1051241.jpg,608,964
1051242,1051242.jpg,833,966
1051243,1051243.jpg,599,532
1051251,1051251.jpg,1360,1024
1051261,1051261.jpg,912,714
1051262,1051262.jpg,627,847
1051271,1051271.jpg,691,818
1051272,1051272.jpg,711,593
1051281,1051281.jpg,1149,545
1051282,1051282.jpg,667,509
1051291,1051291.jpg,623,616
1051292,1051292.jpg,1123,599
1051293,1051293.jpg,481,680
1051301,1051301.jpg,776,797
1051302,1051302.jpg,728,680
1051303,1051303.jpg,510,536
105131,105131.jpg,607,672
1051311,1051311.jpg,825,903
1051312,1051312.jpg,456,768
105132,105132.jpg,612,690
1051321,1051321.jpg,716,728
1051322,1051322.jpg,572,570
105133,105133.jpg,688,675
1051331,1051331.jpg,635,653
105134,105134.jpg,703,573
1051341,1051341.jpg,756,501
1051342,1051342.jpg,907,1001
1051351,1051351.jpg,707,734
1051361,1051361.jpg,740,972
1051362,1051362.jpg,616,589
1051391,1051391.jpg,826,809
1051392,1051392.jpg,496,705
1051401,1051401.jpg,555,608
105141,105141.jpg,622,663
1051411,1051411.jpg,686,737
1051412,1051412.jpg,718,603
1051413,1051413.jpg,648,623
105142,105142.jpg,619,622
1051421,1051421.jpg,555,672
1051422,1051422.jpg,669,637
1051431,1051431.jpg,717,596
1051432,1051432.jpg,492,462
1051441,1051441.jpg,795,768
1051442,1051442.jpg,669,645
1051451,1051451.jpg,1005,805
1051452,1051452.jpg,826,876
1051453,1051453.jpg,630,614
1051461,1051461.jpg,586,622
1051462,1051462.jpg,1020,858
1051463,1051463.jpg,956,742
1051464,1051464.jpg,838,694
1051471,1051471.jpg,732,742
1051472,1051472.jpg,714,697
1051481,1051481.jpg,641,555
1051491,1051491.jpg,974,729
1051492,1051492.jpg,741,644
1051501,1051501.jpg,841,767
1051502,1051502.jpg,761,526
105151,105151.jpg,825,674
1051511,1051511.jpg,509,960
1051512,1051512.jpg,1170,845
105152,105152.jpg,558,570
1051521,1051521.jpg,751,644
1051522,1051522.jpg,792,533
1051531,1051531.jpg,1027,547
1051532,1051532.jpg,562,564
1051533,1051533.jpg,558,548
1051541,1051541.jpg,787,909
1051551,1051551.jpg,1342,1005
1051552,1051552.jpg,708,555
1051561,1051561.jpg,665,810
1051562,1051562.jpg,813,513
1051563,1051563.jpg,771,595
1051571,1051571.jpg,993,684
1051572,1051572.jpg,760,1010
1051573,1051573.jpg,464,606
1051581,1051581.jpg,658,575
1051582,1051582.jpg,659,678
1051583,1051583.jpg,702,733
1051584,1051584.jpg,600,624
1051591,1051591.jpg,572,605
1051592,1051592.jpg,634,549
1051593,1051593.jpg,625,603
1051594,1051594.jpg,594,685
105161,105161.jpg,588,816
1051611,1051611.jpg,789,998
1051612,1051612.jpg,922,728
105162,105162.jpg,935,1006
105163,105163.jpg,651,648
1051631,1051631.jpg,537,740
1051632,1051632.jpg,1142,726
1051634,1051634.jpg,1011,600
1051641,1051641.jpg,657,598
1051642,1051642.jpg,494,721
1051643,1051643.jpg,660,535
1051651,1051651.jpg,862,534
1051652,1051652.jpg,568,593
1051661,1051661.jpg,987,824
1051662,1051662.jpg,590,506
1051671,1051671.jpg,750,836
1051672,1051672.jpg,632,586
1051681,1051681.jpg,742,686
1051691,1051691.jpg,796,793
1051692,1051692.jpg,610,523
105171,105171.jpg,691,960
105172,105172.jpg,595,907
1051721,1051721.jpg,604,823
1051722,1051722.jpg,588,569
105173,105173.jpg,580,604
1051731,1051731.jpg,1061,910
1051732,1051732.jpg,1202,674
105174,105174.jpg,619,583
1051751,1051751.jpg,415,609
1051761,1051761.jpg,1226,970
1051762,1051762.jpg,517,694
1051771,1051771.jpg,644,606
1051772,1051772.jpg,434,455
1051773,1051773.jpg,603,697
1051781,1051781.jpg,720,891
1051782,1051782.jpg,736,680
1051791,1051791.jpg,583,631
1051792,1051792.jpg,593,559
1051801,1051801.jpg,541,544
1051802,1051802.jpg,627,707
105181,105181.jpg,739,738
1051811,1051811.jpg,657,598
1051821,1051821.jpg,809,393
1051831,1051831.jpg,561,511
1051832,1051832.jpg,812,771
1051841,1051841.jpg,672,786
1051842,1051842.jpg,548,776
1051851,1051851.jpg,964,960
1051861,1051861.jpg,773,686
1051871,1051871.jpg,635,537
1051872,1051872.jpg,937,729
1051881,1051881.jpg,550,631
1051882,1051882.jpg,470,467
1051883,1051883.jpg,578,619
1051891,1051891.jpg,1300,851
1051892,1051892.jpg,810,916
1051901,1051901.jpg,648,698
1051902,1051902.jpg,526,495
1051903,1051903.jpg,1191,952
105191,105191.jpg,640,592
1051911,1051911.jpg,751,885
1051912,1051912.jpg,552,596
105192,105192.jpg,614,705
1051921,1051921.jpg,904,596
1051922,1051922.jpg,1053,922
1051923,1051923.jpg,655,789
1051931,1051931.jpg,598,625
1051932,1051932.jpg,530,498
1051933,1051933.jpg,863,786
105194,105194.jpg,697,605
1051941,1051941.jpg,541,521
1051951,1051951.jpg,524,675
1051952,1051952.jpg,751,547
1051961,1051961.jpg,654,822
1051962,1051962.jpg,645,543
1051963,1051963.jpg,557,481
1051971,1051971.jpg,573,617
1051972,1051972.jpg,532,822
1051981,1051981.jpg,532,578
1051982,1051982.jpg,569,534
1051983,1051983.jpg,778,689
1051991,1051991.jpg,760,771
1051992,1051992.jpg,555,592
1052001,1052001.jpg,1218,931
1052002,1052002.jpg,729,412
105201,105201.jpg,743,644
1052011,1052011.jpg,521,802
1052012,1052012.jpg,659,612
1052013,1052013.jpg,661,602
105202,105202.jpg,577,533
1052021,1052021.jpg,568,678
1052022,1052022.jpg,957,966
1052023,1052023.jpg,503,515
105203,105203.jpg,1178,830
1052031,1052031.jpg,586,679
1052032,1052032.jpg,962,853
105204,105204.jpg,743,705
1052041,1052041.jpg,1018,806
1052042,1052042.jpg,798,877
1052051,1052051.jpg,1308,1012
1052052,1052052.jpg,1145,824
1052053,1052053.jpg,568,799
1052054,1052054.jpg,716,688
1052061,1052061.jpg,904,474
1052062,1052062.jpg,819,896
1052063,1052063.jpg,493,467
1052071,1052071.jpg,591,512
1052072,1052072.jpg,786,728
1052073,1052073.jpg,502,578
1052074,1052074.jpg,521,523
1052081,1052081.jpg,710,544
1052082,1052082.jpg,708,703
1052091,1052091.jpg,1168,454
1052092,1052092.jpg,944,639
1052093,1052093.jpg,989,807
1052094,1052094.jpg,844,618
1052101,1052101.jpg,452,673
1052102,1052102.jpg,982,910
1052103,1052103.jpg,537,520
1052111,1052111.jpg,726,670
1052112,1052112.jpg,786,838
1052113,1052113.jpg,490,563
1052114,1052114.jpg,685,913
1052121,1052121.jpg,700,605
1052122,1052122.jpg,618,768
1052123,1052123.jpg,739,637
1052131,1052131.jpg,631,905
1052141,1052141.jpg,484,686
1052142,1052142.jpg,593,860
1052143,1052143.jpg,674,687
1052151,1052151.jpg,673,631
1052152,1052152.jpg,640,640
1052153,1052153.jpg,497,530
1052161,1052161.jpg,1204,908
1052162,1052162.jpg,585,604
1052163,1052163.jpg,582,618
1052171,1052171.jpg,716,835
1052172,1052172.jpg,1092,1019
1052173,1052173.jpg,583,754
1052181,1052181.jpg,751,561
1052182,1052182.jpg,714,708
1052183,1052183.jpg,594,640
1052184,1052184.jpg,638,690
1052191,1052191.jpg,697,714
1052192,1052192.jpg,662,676
1052193,1052193.jpg,734,613
1052211,1052211.jpg,678,694
1052212,1052212.jpg,676,669
1052213,1052213.jpg,518,670
1052221,1052221.jpg,795,823
1052222,1052222.jpg,728,780
1052223,1052223.jpg,733,523
1052224,1052224.jpg,674,664
1052231,1052231.jpg,799,832
1052232,1052232.jpg,575,881
1052233,1052233.jpg,618,618
1052241,1052241.jpg,799,548
1052242,1052242.jpg,682,639
1052243,1052243.jpg,637,635
1052244,1052244.jpg,780,723
1052251,1052251.jpg,568,524
1052261,1052261.jpg,785,612
1052262,1052262.jpg,1146,609
1052263,1052263.jpg,665,629
1052264,1052264.jpg,831,594
1052271,1052271.jpg,700,955
1052272,1052272.jpg,1126,956
1052273,1052273.jpg,697,535
1052281,1052281.jpg,1005,846
1052282,1052282.jpg,744,680
1052291,1052291.jpg,791,614
1052301,1052301.jpg,1043,927
1052311,1052311.jpg,682,703
1052312,1052312.jpg,621,572
1052321,1052321.jpg,734,653
1052331,1052331.jpg,602,881
1052341,1052341.jpg,963,738
1052342,1052342.jpg,872,822
1052351,1052351.jpg,654,826
1052352,1052352.jpg,891,881
1052361,1052361.jpg,1183,931
1052362,1052362.jpg,658,531
1052363,1052363.jpg,798,559
1052371,1052371.jpg,1245,926
1052372,1052372.jpg,734,769
1052373,1052373.jpg,735,744
1052374,1052374.jpg,912,925
1052381,1052381.jpg,1020,1024
1052382,1052382.jpg,649,704
1052383,1052383.jpg,655,595
1052391,1052391.jpg,1243,924
1052392,1052392.jpg,690,591
1052401,1052401.jpg,808,867
1052402,1052402.jpg,821,887
1052403,1052403.jpg,764,619
1052411,1052411.jpg,1203,913
1052412,1052412.jpg,756,677
1052431,1052431.jpg,1172,833
1052441,1052441.jpg,496,531
1052451,1052451.jpg,870,485
1052461,1052461.jpg,939,863
1052462,1052462.jpg,567,768
1052463,1052463.jpg,603,605
1052471,1052471.jpg,1060,881
1052472,1052472.jpg,690,674
1052481,1052481.jpg,1321,983
1052482,1052482.jpg,703,729
1052483,1052483.jpg,706,512
1052484,1052484.jpg,670,704
1052491,1052491.jpg,1116,851
1052492,1052492.jpg,572,675
1052493,1052493.jpg,548,596
1052494,1052494.jpg,921,568
1052501,1052501.jpg,525,811
1052511,1052511.jpg,1186,876
1052512,1052512.jpg,729,845
1052521,1052521.jpg,1042,933
1052522,1052522.jpg,685,892
1052523,1052523.jpg,584,535
1052531,1052531.jpg,543,714
1052532,1052532.jpg,790,685
1052533,1052533.jpg,656,669
1052534,1052534.jpg,640,610
1052535,1052535.jpg,692,782
1052541,1052541.jpg,551,622
1052542,1052542.jpg,794,556
1052551,1052551.jpg,611,626
1052561,1052561.jpg,496,660
1052562,1052562.jpg,472,676
1052571,1052571.jpg,644,568
1052572,1052572.jpg,638,663
1052573,1052573.jpg,1239,960
1052581,1052581.jpg,656,711
1052582,1052582.jpg,1228,697
1052583,1052583.jpg,616,1008
1052584,1052584.jpg,608,623
1052591,1052591.jpg,1177,787
1052601,1052601.jpg,566,541
1052611,1052611.jpg,954,685
1052612,1052612.jpg,688,861
1052613,1052613.jpg,623,543
1052621,1052621.jpg,649,680
1052622,1052622.jpg,751,881
1052631,1052631.jpg,1093,839
1052632,1052632.jpg,542,656
1052641,1052641.jpg,1113,847
1052642,1052642.jpg,935,952
1052643,1052643.jpg,656,619
1052651,1052651.jpg,689,931
1052661,1052661.jpg,833,570
1052662,1052662.jpg,759,957
1052663,1052663.jpg,662,534
1052671,1052671.jpg,1262,913
1052672,1052672.jpg,782,804
1052673,1052673.jpg,1283,805
1052674,1052674.jpg,704,526
1052682,1052682.jpg,704,651
1052691,1052691.jpg,693,561
1052692,1052692.jpg,618,566
1052693,1052693.jpg,717,557
1052701,1052701.jpg,1203,953
1052702,1052702.jpg,828,884
1052703,1052703.jpg,626,537
1052711,1052711.jpg,756,745
1052712,1052712.jpg,616,852
1052713,1052713.jpg,687,660
1052714,1052714.jpg,731,664
1052721,1052721.jpg,815,957
1052722,1052722.jpg,716,962
1052731,1052731.jpg,646,915
1052732,1052732.jpg,552,635
1052733,1052733.jpg,528,620
1052741,1052741.jpg,713,662
1052742,1052742.jpg,582,602
1052743,1052743.jpg,609,771
1052744,1052744.jpg,597,423
1052751,1052751.jpg,1197,826
1052761,1052761.jpg,549,659
1052762,1052762.jpg,495,601
1052771,1052771.jpg,1211,974
1052772,1052772.jpg,782,763
1052773,1052773.jpg,657,902
1052781,1052781.jpg,750,783
1052782,1052782.jpg,711,812
1052783,1052783.jpg,759,725
1052784,1052784.jpg,593,628
1052791,1052791.jpg,1170,923
1052792,1052792.jpg,498,755
1052801,1052801.jpg,1351,464
1052802,1052802.jpg,544,592
1052803,1052803.jpg,1065,641
1052811,1052811.jpg,794,580
1052812,1052812.jpg,725,643
1052813,1052813.jpg,643,573
1052814,1052814.jpg,540,617
1052821,1052821.jpg,1360,1024
1052822,1052822.jpg,832,661
1052823,1052823.jpg,545,598
1052824,1052824.jpg,685,605
1052825,1052825.jpg,560,585
1052831,1052831.jpg,667,638
1052832,1052832.jpg,1031,556
1052841,1052841.jpg,769,616
1052842,1052842.jpg,1305,894
1052843,1052843.jpg,768,691
1052851,1052851.jpg,1003,856
1052852,1052852.jpg,829,691
1052861,1052861.jpg,1334,943
1052871,1052871.jpg,610,611
1052872,1052872.jpg,557,532
1052881,1052881.jpg,612,671
1052882,1052882.jpg,540,589
1052891,1052891.jpg,1080,765
1052892,1052892.jpg,567,533
1052901,1052901.jpg,658,642
1052902,1052902.jpg,1360,1024
1052911,1052911.jpg,785,724
1052912,1052912.jpg,782,705
1052913,1052913.jpg,567,689
1052921,1052921.jpg,1306,989
1052922,1052922.jpg,506,567
1052931,1052931.jpg,832,611
1052932,1052932.jpg,637,548
1052941,1052941.jpg,735,733
1052942,1052942.jpg,985,622
1052943,1052943.jpg,584,642
1052951,1052951.jpg,942,873
1052952,1052952.jpg,695,737
1052953,1052953.jpg,1146,831
1052954,1052954.jpg,1211,892
1052961,1052961.jpg,1187,897
1052962,1052962.jpg,863,640
1052971,1052971.jpg,558,481
1052981,1052981.jpg,609,643
1052982,1052982.jpg,848,691
1052983,1052983.jpg,512,558
1052991,1052991.jpg,1279,692
1052992,1052992.jpg,1055,610
1052993,1052993.jpg,671,599
1052994,1052994.jpg,579,534
1053001,1053001.jpg,1100,975
1053002,1053002.jpg,794,721
1053003,1053003.jpg,453,540
1053011,1053011.jpg,733,721
1053021,1053021.jpg,538,528
1053022,1053022.jpg,822,667
1053023,1053023.jpg,901,886
1053031,1053031.jpg,596,931
1053032,1053032.jpg,1072,615
1053041,1053041.jpg,689,703
1053042,1053042.jpg,708,827
1053043,1053043.jpg,1271,500
1053051,1053051.jpg,769,711
1053052,1053052.jpg,487,592
1053053,1053053.jpg,578,505
1053054,1053054.jpg,738,633
1053061,1053061.jpg,593,571
1053062,1053062.jpg,1332,963
1053071,1053071.jpg,1354,806
1053081,1053081.jpg,642,797
1053082,1053082.jpg,539,565
1053091,1053091.jpg,1173,699
1053092,1053092.jpg,796,610
1053093,1053093.jpg,999,959
1053101,1053101.jpg,1153,1017
1053102,1053102.jpg,542,856
1053111,1053111.jpg,1159,575
1053112,1053112.jpg,1094,947
1053113,1053113.jpg,888,865
1053114,1053114.jpg,554,757
1053121,1053121.jpg,873,664
1053122,1053122.jpg,529,547
1053123,1053123.jpg,592,632
1053124,1053124.jpg,808,583
1053131,1053131.jpg,544,830
1053141,1053141.jpg,870,826
1053142,1053142.jpg,577,807
1053151,1053151.jpg,1270,1015
1053152,1053152.jpg,1191,899
1053153,1053153.jpg,529,786
1053161,1053161.jpg,676,690
1053162,1053162.jpg,999,925
1053163,1053163.jpg,568,535
1053164,1053164.jpg,677,639
1053171,1053171.jpg,935,957
1053181,1053181.jpg,1124,722
1053182,1053182.jpg,752,895
1053183,1053183.jpg,1034,1011
1053184,1053184.jpg,543,648
1053191,1053191.jpg,902,824
1053192,1053192.jpg,1139,868
1053201,1053201.jpg,588,698
1053202,1053202.jpg,627,614
1053211,1053211.jpg,561,792
1053212,1053212.jpg,1255,1019
1053213,1053213.jpg,754,617
1053221,1053221.jpg,1238,893
1053222,1053222.jpg,721,691
1053223,1053223.jpg,592,517
1053224,1053224.jpg,577,729
1053231,1053231.jpg,1331,934
1053232,1053232.jpg,936,550
1053233,1053233.jpg,897,717
1053241,1053241.jpg,672,612
1053242,1053242.jpg,669,603
1053251,1053251.jpg,848,562
1053252,1053252.jpg,1116,975
1053261,1053261.jpg,1347,861
1053262,1053262.jpg,779,782
1053263,1053263.jpg,703,620
1053271,1053271.jpg,555,550
1053272,1053272.jpg,1264,639
1053273,1053273.jpg,711,621
1053274,1053274.jpg,615,868
1053281,1053281.jpg,578,844
1053282,1053282.jpg,760,513
1053291,1053291.jpg,686,882
1053292,1053292.jpg,884,753
1053301,1053301.jpg,697,763
1053302,1053302.jpg,1016,959
1053303,1053303.jpg,661,796
1053304,1053304.jpg,762,696
1053311,1053311.jpg,937,909
1053312,1053312.jpg,498,638
1053321,1053321.jpg,964,973
1053322,1053322.jpg,1360,1024
1053323,1053323.jpg,816,764
1053324,1053324.jpg,580,607
1053331,1053331.jpg,1360,1024
1053332,1053332.jpg,594,678
1053333,1053333.jpg,828,760
1053334,1053334.jpg,594,563
1053335,1053335.jpg,519,751
1053341,1053341.jpg,1027,854
1053342,1053342.jpg,1296,708
1053343,1053343.jpg,814,705
1053344,1053344.jpg,939,766
1053351,1053351.jpg,489,669
1053352,1053352.jpg,522,592
1053353,1053353.jpg,963,598
1053354,1053354.jpg,729,1003
1053361,1053361.jpg,568,713
1053362,1053362.jpg,518,582
1053363,1053363.jpg,566,727
1053371,1053371.jpg,641,648
1053372,1053372.jpg,804,815
1053373,1053373.jpg,1006,647
1053381,1053381.jpg,485,504
1053382,1053382.jpg,825,596
1053383,1053383.jpg,1063,763
1053391,1053391.jpg,704,620
1053392,1053392.jpg,584,730
1053393,1053393.jpg,784,662
1053401,1053401.jpg,742,619
1053402,1053402.jpg,517,646
1053411,1053411.jpg,509,542
1053412,1053412.jpg,668,718
1053421,1053421.jpg,623,596
1053422,1053422.jpg,622,617
1053431,1053431.jpg,995,940
1053432,1053432.jpg,814,797
1053433,1053433.jpg,712,677
1053434,1053434.jpg,704,528
1053441,1053441.jpg,710,711
1053442,1053442.jpg,523,544
1053443,1053443.jpg,773,669
1053451,1053451.jpg,1168,877
1053452,1053452.jpg,717,694
1053453,1053453.jpg,505,487
1053461,1053461.jpg,872,677
1053462,1053462.jpg,640,674
1053471,1053471.jpg,651,559
1053473,1053473.jpg,554,592
1053474,1053474.jpg,1287,884
1053481,1053481.jpg,941,805
1053482,1053482.jpg,617,656
1053483,1053483.jpg,569,581
1053484,1053484.jpg,695,665
1053485,1053485.jpg,763,659
1053491,1053491.jpg,742,665
1053492,1053492.jpg,675,618
1053493,1053493.jpg,695,798
1053501,1053501.jpg,869,769
1053502,1053502.jpg,672,961
1053503,1053503.jpg,684,494
1053511,1053511.jpg,684,632
1053512,1053512.jpg,637,742
1053513,1053513.jpg,1065,916
1053514,1053514.jpg,571,569
1053521,1053521.jpg,1208,908
1053522,1053522.jpg,701,619
1053523,1053523.jpg,681,671
1053531,1053531.jpg,566,499
1053532,1053532.jpg,608,512
1053541,1053541.jpg,561,476
1053542,1053542.jpg,548,773
1053543,1053543.jpg,784,1009
1053544,1053544.jpg,663,780
1053551,1053551.jpg,1325,1018
1053552,1053552.jpg,548,576
1053553,1053553.jpg,1262,689
1053561,1053561.jpg,591,663
1053562,1053562.jpg,783,999
1053563,1053563.jpg,564,704
1053571,1053571.jpg,724,620
1053572,1053572.jpg,670,642
1053581,1053581.jpg,1109,799
1053582,1053582.jpg,873,685
1053591,1053591.jpg,1100,1011
1053592,1053592.jpg,518,547
1053593,1053593.jpg,673,696
1053594,1053594.jpg,746,980
1053601,1053601.jpg,904,864
1053602,1053602.jpg,521,596
1053603,1053603.jpg,524,497
1053611,1053611.jpg,726,646
1053612,1053612.jpg,771,672
1053613,1053613.jpg,883,835
1053621,1053621.jpg,771,691
1053622,1053622.jpg,811,1003
1053631,1053631.jpg,866,967
1053632,1053632.jpg,608,655
1053633,1053633.jpg,751,515
1053634,1053634.jpg,636,779
1053641,1053641.jpg,576,842
1053642,1053642.jpg,1330,796
1053651,1053651.jpg,686,650
1053652,1053652.jpg,665,649
1053661,1053661.jpg,619,566
1053662,1053662.jpg,1062,691
1053663,1053663.jpg,771,826
1053671,1053671.jpg,847,829
1053681,1053681.jpg,754,961
1053682,1053682.jpg,531,639
1053683,1053683.jpg,592,533
1053691,1053691.jpg,735,796
1053692,1053692.jpg,641,689
1053693,1053693.jpg,706,546
1053694,1053694.jpg,541,562
1053701,1053701.jpg,992,810
1053702,1053702.jpg,602,552
1053703,1053703.jpg,1205,940
1053711,1053711.jpg,726,796
1053712,1053712.jpg,955,682
1053713,1053713.jpg,1360,1024
1053714,1053714.jpg,452,615
1053721,1053721.jpg,736,609
1053722,1053722.jpg,560,521
1053731,1053731.jpg,640,648
1053732,1053732.jpg,702,683
1053733,1053733.jpg,665,636
1053734,1053734.jpg,571,545
1053741,1053741.jpg,1258,771
1053742,1053742.jpg,791,787
1053751,1053751.jpg,675,603
1053752,1053752.jpg,886,770
1053753,1053753.jpg,601,560
1053761,1053761.jpg,618,628
1053762,1053762.jpg,682,999
1053763,1053763.jpg,751,570
1053764,1053764.jpg,826,679
1053771,1053771.jpg,986,1010
1053772,1053772.jpg,706,671
1053781,1053781.jpg,1050,753
1053782,1053782.jpg,690,587
1053783,1053783.jpg,633,671
1053791,1053791.jpg,716,615
1053801,1053801.jpg,712,547
1053811,1053811.jpg,620,517
1053821,1053821.jpg,696,721
1053822,1053822.jpg,537,839
1053831,1053831.jpg,1207,815
1053832,1053832.jpg,841,778
1053833,1053833.jpg,982,916
1053834,1053834.jpg,695,809
1053841,1053841.jpg,1203,1018
1053842,1053842.jpg,779,792
1053843,1053843.jpg,709,729
1053851,1053851.jpg,595,624
1053861,1053861.jpg,629,695
1053862,1053862.jpg,650,613
1053871,1053871.jpg,901,796
1053872,1053872.jpg,593,709
1053881,1053881.jpg,545,727
1053882,1053882.jpg,521,682
1053883,1053883.jpg,815,740
1053884,1053884.jpg,661,601
1053891,1053891.jpg,710,903
1053892,1053892.jpg,1267,967
1053893,1053893.jpg,907,942
1053894,1053894.jpg,1254,571
1053901,1053901.jpg,669,701
1053902,1053902.jpg,746,777
1053903,1053903.jpg,1062,937
1053904,1053904.jpg,670,588
1053911,1053911.jpg,714,715
1053912,1053912.jpg,658,954
1053921,1053921.jpg,1301,748
1053922,1053922.jpg,576,629
1053923,1053923.jpg,831,824
1053931,1053931.jpg,698,1018
1053941,1053941.jpg,1046,686
1053942,1053942.jpg,693,677
1053943,1053943.jpg,871,571
1053951,1053951.jpg,550,544
1053952,1053952.jpg,1037,840
1053953,1053953.jpg,990,760
1053961,1053961.jpg,625,522
1053962,1053962.jpg,829,861
1053971,1053971.jpg,1203,784
1053972,1053972.jpg,538,867
1053981,1053981.jpg,603,633
1053982,1053982.jpg,586,574
1053991,1053991.jpg,653,767
1053992,1053992.jpg,551,662
1054001,1054001.jpg,859,753
1054011,1054011.jpg,722,701
1054021,1054021.jpg,1065,868
1054022,1054022.jpg,664,934
1054031,1054031.jpg,742,678
1054032,1054032.jpg,1124,706
1054033,1054033.jpg,593,521
1054041,1054041.jpg,1302,805
1054042,1054042.jpg,733,763
1054043,1054043.jpg,805,636
1054044,1054044.jpg,640,655
1054051,1054051.jpg,1060,776
1054052,1054052.jpg,1182,857
1054053,1054053.jpg,862,893
1054061,1054061.jpg,1218,921
1054062,1054062.jpg,891,798
1054063,1054063.jpg,897,814
1054064,1054064.jpg,741,679
1054071,1054071.jpg,1102,521
1054072,1054072.jpg,1002,924
1054073,1054073.jpg,596,594
1054081,1054081.jpg,910,825
1054082,1054082.jpg,987,983
1054083,1054083.jpg,606,869
1054091,1054091.jpg,569,571
1054092,1054092.jpg,712,707
1054093,1054093.jpg,470,628
1054101,1054101.jpg,636,656
1054102,1054102.jpg,697,652
1054103,1054103.jpg,780,602
1054104,1054104.jpg,668,594
1054111,1054111.jpg,639,599
1054112,1054112.jpg,789,749
1054113,1054113.jpg,748,684
1054121,1054121.jpg,780,574
1054122,1054122.jpg,652,629
1054123,1054123.jpg,587,820
1054131,1054131.jpg,543,671
1054132,1054132.jpg,687,876
1054133,1054133.jpg,698,663
1054134,1054134.jpg,618,894
1054141,1054141.jpg,946,952
1054142,1054142.jpg,574,665
1054143,1054143.jpg,564,551
1054151,1054151.jpg,1005,986
1054152,1054152.jpg,730,715
1054153,1054153.jpg,634,839
1054161,1054161.jpg,679,847
1054162,1054162.jpg,1235,791
1054163,1054163.jpg,574,587
1054171,1054171.jpg,722,817
1054172,1054172.jpg,577,589
1054173,1054173.jpg,663,675
1054181,1054181.jpg,659,567
1054182,1054182.jpg,758,597
1054183,1054183.jpg,598,645
1054191,1054191.jpg,856,699
1054192,1054192.jpg,944,832
1054193,1054193.jpg,558,638
1054201,1054201.jpg,788,644
1054202,1054202.jpg,665,721
1054203,1054203.jpg,899,951
1054211,1054211.jpg,499,453
1054221,1054221.jpg,1243,971
1054222,1054222.jpg,635,659
1054231,1054231.jpg,1099,776
1054232,1054232.jpg,566,688
1054241,1054241.jpg,811,501
1054242,1054242.jpg,1186,806
1054243,1054243.jpg,1300,880
1054251,1054251.jpg,1007,745
1054252,1054252.jpg,749,552
1054253,1054253.jpg,618,466
1054261,1054261.jpg,753,892
1054271,1054271.jpg,1108,935
1054272,1054272.jpg,722,744
1054273,1054273.jpg,594,620
1054281,1054281.jpg,704,965
1054282,1054282.jpg,634,664
1054291,1054291.jpg,1222,975
1054292,1054292.jpg,692,716
1054293,1054293.jpg,992,744
1054301,1054301.jpg,479,545
1054302,1054302.jpg,795,659
1054303,1054303.jpg,500,584
1054311,1054311.jpg,1294,1017
1054312,1054312.jpg,781,864
1054313,1054313.jpg,633,551
1054321,1054321.jpg,665,768
1054322,1054322.jpg,1133,951
1054323,1054323.jpg,709,792
1054324,1054324.jpg,549,879
1054331,1054331.jpg,738,668
1054332,1054332.jpg,792,825
1054341,1054341.jpg,690,754
1054342,1054342.jpg,469,486
1054351,1054351.jpg,1006,941
1054361,1054361.jpg,1076,927
1054362,1054362.jpg,1189,838
1054363,1054363.jpg,697,521
1054364,1054364.jpg,626,711
1054371,1054371.jpg,723,742
1054381,1054381.jpg,958,668
1054391,1054391.jpg,842,657
1054392,1054392.jpg,849,898
1054401,1054401.jpg,660,595
1054402,1054402.jpg,650,694
1054411,1054411.jpg,978,922
1054412,1054412.jpg,757,825
1054421,1054421.jpg,749,703
1054422,1054422.jpg,858,802
1054423,1054423.jpg,1350,967
1054424,1054424.jpg,472,549
1054431,1054431.jpg,616,553
1054432,1054432.jpg,829,850
1054433,1054433.jpg,855,1015
1054441,1054441.jpg,654,621
1054442,1054442.jpg,849,818
1054443,1054443.jpg,611,677
1054444,1054444.jpg,652,648
1054451,1054451.jpg,582,582
1054452,1054452.jpg,615,676
1054461,1054461.jpg,984,913
1054462,1054462.jpg,1161,905
1054463,1054463.jpg,548,683
1054464,1054464.jpg,795,725
1054471,1054471.jpg,713,677
1054472,1054472.jpg,615,770
1054473,1054473.jpg,780,771
1054481,1054481.jpg,523,832
1054482,1054482.jpg,623,754
1054483,1054483.jpg,1316,944
1054491,1054491.jpg,644,568
1054492,1054492.jpg,730,797
1054501,1054501.jpg,960,658
1054502,1054502.jpg,1005,872
1054503,1054503.jpg,1015,969
1054521,1054521.jpg,1228,857
1054522,1054522.jpg,590,508
1054531,1054531.jpg,628,687
1054532,1054532.jpg,909,888
1054541,1054541.jpg,976,589
1054542,1054542.jpg,774,701
1054543,1054543.jpg,732,720
1054544,1054544.jpg,525,727
1054551,1054551.jpg,1043,693
1054552,1054552.jpg,610,645
1054553,1054553.jpg,719,753
1054561,1054561.jpg,655,845
1054562,1054562.jpg,776,907
1054563,1054563.jpg,686,966
1054571,1054571.jpg,594,665
1054572,1054572.jpg,611,623
1054573,1054573.jpg,839,795
1054574,1054574.jpg,742,614
1054581,1054581.jpg,626,538
1054582,1054582.jpg,637,842
1054591,1054591.jpg,942,959
1054592,1054592.jpg,844,735
1054593,1054593.jpg,562,624
1054601,1054601.jpg,801,642
1054602,1054602.jpg,708,725
1054603,1054603.jpg,663,510
1054611,1054611.jpg,771,588
1054612,1054612.jpg,827,570
1054621,1054621.jpg,724,608
1054622,1054622.jpg,1150,813
1054631,1054631.jpg,1008,736
1054632,1054632.jpg,670,940
1054633,1054633.jpg,733,867
1054634,1054634.jpg,730,754
1054641,1054641.jpg,1354,659
1054642,1054642.jpg,580,616
1054651,1054651.jpg,723,544
1054652,1054652.jpg,458,498
1054661,1054661.jpg,1166,679
1054662,1054662.jpg,671,635
1054663,1054663.jpg,678,508
1054671,1054671.jpg,1236,1016
1054672,1054672.jpg,1263,888
1054673,1054673.jpg,957,587
1054681,1054681.jpg,761,639
1054682,1054682.jpg,1082,494
1054691,1054691.jpg,609,609
1054692,1054692.jpg,875,653
1054693,1054693.jpg,898,789
1054701,1054701.jpg,1048,898
1054702,1054702.jpg,956,731
1054703,1054703.jpg,695,745
1054711,1054711.jpg,941,877
1054712,1054712.jpg,603,689
1054713,1054713.jpg,825,869
1054731,1054731.jpg,667,796
1054732,1054732.jpg,575,613
1054733,1054733.jpg,697,710
1054741,1054741.jpg,664,570
1054742,1054742.jpg,1037,991
1054743,1054743.jpg,1312,731
1054744,1054744.jpg,637,596
1054751,1054751.jpg,1024,638
1054752,1054752.jpg,577,553
1054753,1054753.jpg,853,670
1054761,1054761.jpg,1028,573
1054762,1054762.jpg,1328,959
1054763,1054763.jpg,571,630
1054764,1054764.jpg,488,578
1054771,1054771.jpg,1040,764
1054772,1054772.jpg,1006,706
1054781,1054781.jpg,993,665
1054782,1054782.jpg,551,560
1054783,1054783.jpg,689,795
1054791,1054791.jpg,832,953
1054792,1054792.jpg,947,970
1054793,1054793.jpg,540,552
1054794,1054794.jpg,712,828
1054801,1054801.jpg,617,689
1054802,1054802.jpg,564,708
1054811,1054811.jpg,586,906
1054812,1054812.jpg,768,770
1054813,1054813.jpg,693,859
1054814,1054814.jpg,689,811
1054821,1054821.jpg,992,987
1054822,1054822.jpg,974,962
1054831,1054831.jpg,884,787
1054832,1054832.jpg,782,936
1054841,1054841.jpg,521,862
1054842,1054842.jpg,799,609
1054851,1054851.jpg,1228,625
1054852,1054852.jpg,845,945
1054853,1054853.jpg,681,770
1054854,1054854.jpg,676,781
1054855,1054855.jpg,646,621
1054861,1054861.jpg,593,592
1054862,1054862.jpg,533,736
1054863,1054863.jpg,557,788
1054881,1054881.jpg,727,599
1054882,1054882.jpg,598,627
1054883,1054883.jpg,921,706
1054891,1054891.jpg,577,595
1054892,1054892.jpg,551,708
1054901,1054901.jpg,628,634
1054902,1054902.jpg,620,730
1054903,1054903.jpg,627,955
1054904,1054904.jpg,901,741
1054911,1054911.jpg,699,680
1054912,1054912.jpg,772,741
1054913,1054913.jpg,508,694
1054914,1054914.jpg,742,486
1054915,1054915.jpg,805,929
1054921,1054921.jpg,1129,988
1054922,1054922.jpg,699,679
1054931,1054931.jpg,583,555
1054932,1054932.jpg,599,578
1054933,1054933.jpg,759,556
1054934,1054934.jpg,716,553
1054941,1054941.jpg,1048,741
1054942,1054942.jpg,518,961
1054943,1054943.jpg,528,493
1054944,1054944.jpg,584,485
1054951,1054951.jpg,757,994
1054952,1054952.jpg,611,863
1054953,1054953.jpg,658,808
1054961,1054961.jpg,653,583
1054971,1054971.jpg,631,630
1054972,1054972.jpg,912,984
1054973,1054973.jpg,706,644
1054981,1054981.jpg,926,717
1054982,1054982.jpg,604,784
1054983,1054983.jpg,835,723
1054991,1054991.jpg,597,612
1054992,1054992.jpg,1107,969
1055001,1055001.jpg,955,960
1055002,1055002.jpg,761,505
1055003,1055003.jpg,1055,676
1055011,1055011.jpg,694,685
1055012,1055012.jpg,666,686
1055013,1055013.jpg,1086,914
1055021,1055021.jpg,798,828
1055022,1055022.jpg,654,679
1055023,1055023.jpg,1268,947
1055031,1055031.jpg,1239,613
1055041,1055041.jpg,765,665
1055042,1055042.jpg,673,639
1055051,1055051.jpg,609,631
1055052,1055052.jpg,691,641
1055053,1055053.jpg,602,519
1055061,1055061.jpg,692,892
1055062,1055062.jpg,698,891
1055063,1055063.jpg,939,966
1055064,1055064.jpg,811,853
1055071,1055071.jpg,646,920
1055072,1055072.jpg,791,720
1055073,1055073.jpg,589,656
1055074,1055074.jpg,706,895
1055081,1055081.jpg,595,460
1055082,1055082.jpg,1015,886
1055083,1055083.jpg,737,640
1055091,1055091.jpg,1008,885
1055101,1055101.jpg,597,675
1055102,1055102.jpg,574,662
1055111,1055111.jpg,989,771
1055112,1055112.jpg,806,572
1055113,1055113.jpg,748,652
1055114,1055114.jpg,1048,774
1055121,1055121.jpg,544,766
1055131,1055131.jpg,684,636
1055132,1055132.jpg,849,720
1055133,1055133.jpg,1204,813
1055141,1055141.jpg,968,1002
1055142,1055142.jpg,651,613
1055143,1055143.jpg,1219,1002
1055144,1055144.jpg,677,528
1055151,1055151.jpg,934,922
1055152,1055152.jpg,776,788
1055153,1055153.jpg,1311,942
1055161,1055161.jpg,613,612
1055162,1055162.jpg,708,876
1055171,1055171.jpg,878,979
1055172,1055172.jpg,974,820
1055173,1055173.jpg,633,609
1055174,1055174.jpg,728,836
1055181,1055181.jpg,1302,963
1055182,1055182.jpg,728,666
1055183,1055183.jpg,626,944
1055191,1055191.jpg,961,1013
1055192,1055192.jpg,619,984
1055193,1055193.jpg,999,910
1055201,1055201.jpg,729,885
1055202,1055202.jpg,506,493
1055203,1055203.jpg,636,684
1055211,1055211.jpg,1277,762
1055212,1055212.jpg,1292,607
1055221,1055221.jpg,594,641
1055222,1055222.jpg,683,646
1055231,1055231.jpg,1100,991
1055232,1055232.jpg,733,695
1055233,1055233.jpg,535,724
1055234,1055234.jpg,844,542
1055241,1055241.jpg,747,814
1055251,1055251.jpg,593,574
1055252,1055252.jpg,569,555
1055253,1055253.jpg,551,578
1055254,1055254.jpg,1106,755
1055255,1055255.jpg,612,527
1055261,1055261.jpg,1287,815
1055271,1055271.jpg,658,615
1055272,1055272.jpg,612,516
1055273,1055273.jpg,556,675
1055274,1055274.jpg,628,741
1055281,1055281.jpg,676,581
1055282,1055282.jpg,967,560
1055283,1055283.jpg,827,861
1055291,1055291.jpg,813,597
1055292,1055292.jpg,932,754
1055301,1055301.jpg,1101,1008
1055302,1055302.jpg,987,750
1055303,1055303.jpg,706,750
1055311,1055311.jpg,586,628
1055312,1055312.jpg,659,621
1055313,1055313.jpg,479,638
1055321,1055321.jpg,833,1009
1055322,1055322.jpg,784,780
1055331,1055331.jpg,728,1024
1055351,1055351.jpg,1320,778
1055352,1055352.jpg,1082,695
1055353,1055353.jpg,695,884
1055354,1055354.jpg,819,816
1055361,1055361.jpg,808,793
1055362,1055362.jpg,613,622
1055371,1055371.jpg,745,776
1055372,1055372.jpg,1021,887
1055373,1055373.jpg,987,856
1055381,1055381.jpg,812,841
1055382,1055382.jpg,988,791
1055383,1055383.jpg,641,668
1055391,1055391.jpg,648,641
1055392,1055392.jpg,820,867
1055393,1055393.jpg,1082,937
1055401,1055401.jpg,775,921
1055411,1055411.jpg,985,531
1055412,1055412.jpg,698,544
1055413,1055413.jpg,905,939
1055421,1055421.jpg,970,917
1055431,1055431.jpg,612,665
1055432,1055432.jpg,615,533
1055433,1055433.jpg,587,685
1055451,1055451.jpg,645,620
1055452,1055452.jpg,703,713
1055461,1055461.jpg,692,535
1055462,1055462.jpg,899,988
1055471,1055471.jpg,775,687
1055472,1055472.jpg,858,844
1055481,1055481.jpg,573,671
1055482,1055482.jpg,508,741
1055483,1055483.jpg,879,889
1055491,1055491.jpg,552,640
1055492,1055492.jpg,636,527
1055493,1055493.jpg,437,576
1055501,1055501.jpg,974,512
1055502,1055502.jpg,643,478
1055511,1055511.jpg,529,542
1055512,1055512.jpg,1092,913
1055513,1055513.jpg,515,653
1055514,1055514.jpg,573,508
1055521,1055521.jpg,733,628
1055522,1055522.jpg,630,754
1055523,1055523.jpg,749,502
1055524,1055524.jpg,680,679
1055531,1055531.jpg,632,591
1055532,1055532.jpg,641,896
1055533,1055533.jpg,535,708
1055534,1055534.jpg,485,502
1055541,1055541.jpg,643,612
1055542,1055542.jpg,668,591
1055543,1055543.jpg,570,636
1055544,1055544.jpg,1205,1024
1055551,1055551.jpg,595,797
1055552,1055552.jpg,524,746
1055553,1055553.jpg,1033,772
1055554,1055554.jpg,553,720
1055561,1055561.jpg,430,509
1055562,1055562.jpg,693,820
1055563,1055563.jpg,663,694
1055571,1055571.jpg,973,659
1055572,1055572.jpg,588,618
1055573,1055573.jpg,838,533
1055574,1055574.jpg,613,587
1055581,1055581.jpg,538,518
1055582,1055582.jpg,600,697
1055583,1055583.jpg,801,782
1055584,1055584.jpg,610,612
1055591,1055591.jpg,683,737
1055592,1055592.jpg,516,652
1055593,1055593.jpg,580,637
1055594,1055594.jpg,1360,1024
1055601,1055601.jpg,1060,952
1055602,1055602.jpg,679,730
1055603,1055603.jpg,473,673
1055611,1055611.jpg,527,668
1055612,1055612.jpg,641,659
1055613,1055613.jpg,608,571
1055614,1055614.jpg,570,487
1055621,1055621.jpg,472,911
1055622,1055622.jpg,561,617
1055623,1055623.jpg,543,491
1055624,1055624.jpg,1012,843
1055625,1055625.jpg,897,529
1055631,1055631.jpg,572,619
1055632,1055632.jpg,748,900
1055633,1055633.jpg,946,637
1055634,1055634.jpg,1218,760
1055641,1055641.jpg,604,591
1055642,1055642.jpg,651,668
1055643,1055643.jpg,653,586
1055644,1055644.jpg,549,548
1055651,1055651.jpg,720,939
1055652,1055652.jpg,802,959
1055653,1055653.jpg,932,982
1055654,1055654.jpg,626,790
1055655,1055655.jpg,712,679
1055661,1055661.jpg,715,643
1055662,1055662.jpg,574,512
1055663,1055663.jpg,523,520
1055664,1055664.jpg,714,821
1055671,1055671.jpg,573,606
1055672,1055672.jpg,502,555
1055673,1055673.jpg,674,545
1055674,1055674.jpg,621,666
1055681,1055681.jpg,775,534
1055682,1055682.jpg,516,537
1055683,1055683.jpg,604,666
1055684,1055684.jpg,451,626
1055691,1055691.jpg,836,642
1055692,1055692.jpg,613,542
1055693,1055693.jpg,570,751
1055694,1055694.jpg,508,828
1055701,1055701.jpg,624,731
1055702,1055702.jpg,889,628
1055703,1055703.jpg,953,574
1055704,1055704.jpg,664,897
1055705,1055705.jpg,712,665
1055711,1055711.jpg,650,628
1055712,1055712.jpg,885,703
1055713,1055713.jpg,511,574
1055714,1055714.jpg,1086,883
1055721,1055721.jpg,439,975
1055722,1055722.jpg,523,499
1055723,1055723.jpg,644,687
1055724,1055724.jpg,1208,821
1055731,1055731.jpg,830,908
1055732,1055732.jpg,614,760
1055733,1055733.jpg,522,528
1055734,1055734.jpg,788,780
1055741,1055741.jpg,642,716
1055742,1055742.jpg,1296,978
1055743,1055743.jpg,1007,943
1055744,1055744.jpg,687,668
1055751,1055751.jpg,569,594
1055752,1055752.jpg,533,612
1055753,1055753.jpg,783,1002
1055754,1055754.jpg,554,658
1055761,1055761.jpg,447,657
1055762,1055762.jpg,571,670
1055763,1055763.jpg,804,978
1055764,1055764.jpg,560,646
1055771,1055771.jpg,596,661
1055772,1055772.jpg,925,758
1055773,1055773.jpg,693,663
1055774,1055774.jpg,726,519
1055781,1055781.jpg,564,581
1055782,1055782.jpg,629,918
1055783,1055783.jpg,558,500
1055784,1055784.jpg,534,663
1055791,1055791.jpg,763,881
1055792,1055792.jpg,1171,1007
1055793,1055793.jpg,660,657
1055794,1055794.jpg,1018,930
1055801,1055801.jpg,574,599
1055802,1055802.jpg,742,558
1055803,1055803.jpg,628,620
1055804,1055804.jpg,584,731
1055805,1055805.jpg,448,657
1055811,1055811.jpg,843,505
1055812,1055812.jpg,562,636
1055813,1055813.jpg,888,805
1055814,1055814.jpg,627,562
1055821,1055821.jpg,492,597
1055822,1055822.jpg,621,916
1055823,1055823.jpg,560,785
1055824,1055824.jpg,590,587
1055831,1055831.jpg,549,572
1055832,1055832.jpg,499,424
1055833,1055833.jpg,459,597
1055834,1055834.jpg,872,570
1055841,1055841.jpg,486,596
1055842,1055842.jpg,620,614
1055843,1055843.jpg,900,884
1055844,1055844.jpg,668,654
1055851,1055851.jpg,641,594
1055852,1055852.jpg,643,727
1055853,1055853.jpg,879,625
1055854,1055854.jpg,611,626
1055855,1055855.jpg,756,530
1055861,1055861.jpg,595,591
1055862,1055862.jpg,588,622
1055863,1055863.jpg,695,649
1055864,1055864.jpg,1125,978
1055871,1055871.jpg,615,602
1055872,1055872.jpg,600,683
1055873,1055873.jpg,623,516
1055874,1055874.jpg,585,623
1055881,1055881.jpg,538,534
1055882,1055882.jpg,781,765
1055883,1055883.jpg,670,672
1055884,1055884.jpg,530,651
1055891,1055891.jpg,502,567
1055892,1055892.jpg,851,721
1055893,1055893.jpg,594,770
1055894,1055894.jpg,502,434
1055895,1055895.jpg,560,675
1055901,1055901.jpg,752,452
1055902,1055902.jpg,718,581
1055903,1055903.jpg,662,635
1055904,1055904.jpg,780,592
1055905,1055905.jpg,534,571
1055911,1055911.jpg,835,622
1055912,1055912.jpg,514,455
1055913,1055913.jpg,679,854
1055914,1055914.jpg,627,582
1055921,1055921.jpg,658,718
1055922,1055922.jpg,851,884
1055923,1055923.jpg,478,627
1055924,1055924.jpg,554,546
1055931,1055931.jpg,542,574
1055932,1055932.jpg,757,915
1055933,1055933.jpg,750,567
1055934,1055934.jpg,618,636
1055941,1055941.jpg,573,450
1055942,1055942.jpg,615,487
1055943,1055943.jpg,546,682
1055944,1055944.jpg,757,826
1055951,1055951.jpg,1072,627
1055952,1055952.jpg,687,739
1055953,1055953.jpg,718,658
1055954,1055954.jpg,583,617
1055961,1055961.jpg,643,703
1055962,1055962.jpg,1052,811
1055963,1055963.jpg,857,787
1055964,1055964.jpg,661,837
1055971,1055971.jpg,734,1019
1055972,1055972.jpg,691,680
1055973,1055973.jpg,454,645
1055974,1055974.jpg,949,887
1055981,1055981.jpg,752,988
1055982,1055982.jpg,471,814
1055983,1055983.jpg,975,616
1055984,1055984.jpg,658,593
1055991,1055991.jpg,592,563
1055992,1055992.jpg,646,582
1055993,1055993.jpg,1217,937
1055994,1055994.jpg,916,746
1056001,1056001.jpg,593,465
1056002,1056002.jpg,494,507
1056003,1056003.jpg,548,778
1056004,1056004.jpg,848,906
1056011,1056011.jpg,610,705
1056012,1056012.jpg,728,467
1056013,1056013.jpg,923,640
1056014,1056014.jpg,411,636
1056021,1056021.jpg,595,761
1056022,1056022.jpg,736,668
1056023,1056023.jpg,506,919
1056024,1056024.jpg,503,565
1056031,1056031.jpg,669,598
1056032,1056032.jpg,846,489
1056033,1056033.jpg,509,608
1056034,1056034.jpg,543,635
1056035,1056035.jpg,611,693
1056041,1056041.jpg,884,912
1056042,1056042.jpg,654,580
1056043,1056043.jpg,1089,938
1056044,1056044.jpg,524,669
1056051,1056051.jpg,1172,970
1056052,1056052.jpg,673,762
1056053,1056053.jpg,527,603
1056054,1056054.jpg,639,780
1056055,1056055.jpg,707,519
1056061,1056061.jpg,578,578
1056062,1056062.jpg,706,633
1056063,1056063.jpg,461,665
1056064,1056064.jpg,454,625
1056065,1056065.jpg,592,586
1056071,1056071.jpg,645,826
1056072,1056072.jpg,753,855
1056073,1056073.jpg,1001,785
1056074,1056074.jpg,1047,807
1056081,1056081.jpg,553,563
1056082,1056082.jpg,650,656
1056083,1056083.jpg,1202,950
1056084,1056084.jpg,684,514
1056091,1056091.jpg,883,796
1056092,1056092.jpg,671,656
1056093,1056093.jpg,528,756
1056094,1056094.jpg,587,894
1056101,1056101.jpg,1282,731
1056102,1056102.jpg,742,459
1056103,1056103.jpg,806,744
1056104,1056104.jpg,508,514
1056111,1056111.jpg,681,670
1056112,1056112.jpg,559,644
1056113,1056113.jpg,812,854
1056114,1056114.jpg,532,549
1056121,1056121.jpg,933,836
1056122,1056122.jpg,595,572
1056123,1056123.jpg,1282,764
1056124,1056124.jpg,880,820
1056131,1056131.jpg,665,528
1056132,1056132.jpg,521,412
1056133,1056133.jpg,556,426
1056134,1056134.jpg,730,602
1056141,1056141.jpg,657,626
1056142,1056142.jpg,593,652
1056143,1056143.jpg,600,786
1056144,1056144.jpg,775,702
1056145,1056145.jpg,920,669
1056151,1056151.jpg,530,526
1056152,1056152.jpg,1360,1024
1056153,1056153.jpg,694,646
1056154,1056154.jpg,783,722
1056155,1056155.jpg,637,629
1056156,1056156.jpg,707,530
1056161,1056161.jpg,537,732
1056162,1056162.jpg,1091,795
1056163,1056163.jpg,637,631
1056164,1056164.jpg,735,486
1056171,1056171.jpg,824,561
1056172,1056172.jpg,813,849
1056173,1056173.jpg,657,552
1056174,1056174.jpg,600,956
1056181,1056181.jpg,638,770
1056182,1056182.jpg,681,634
1056183,1056183.jpg,536,941
1056184,1056184.jpg,677,603
1056185,1056185.jpg,910,550
1056191,1056191.jpg,772,893
1056192,1056192.jpg,736,699
1056193,1056193.jpg,566,748
1056194,1056194.jpg,873,668
1056201,1056201.jpg,476,653
1056202,1056202.jpg,584,473
1056203,1056203.jpg,983,657
1056204,1056204.jpg,991,733
1056211,1056211.jpg,477,576
1056212,1056212.jpg,1017,779
1056213,1056213.jpg,1356,943
1056214,1056214.jpg,811,716
1056221,1056221.jpg,711,566
1056222,1056222.jpg,635,586
1056223,1056223.jpg,592,627
1056224,1056224.jpg,958,782
1056231,1056231.jpg,1070,670
1056232,1056232.jpg,721,713
1056233,1056233.jpg,878,783
1056234,1056234.jpg,665,529
1056241,1056241.jpg,536,498
1056243,1056243.jpg,566,877
1056244,1056244.jpg,726,824
1056251,1056251.jpg,627,641
1056252,1056252.jpg,902,949
1056253,1056253.jpg,636,644
1056254,1056254.jpg,564,668
1056255,1056255.jpg,908,695
1056256,1056256.jpg,632,683
1056261,1056261.jpg,765,815
1056262,1056262.jpg,689,685
1056263,1056263.jpg,711,875
1056264,1056264.jpg,1133,978
1056271,1056271.jpg,799,823
1056272,1056272.jpg,661,599
1056273,1056273.jpg,969,897
1056274,1056274.jpg,605,616
1056275,1056275.jpg,787,830
1056281,1056281.jpg,1356,869
1056282,1056282.jpg,604,549
1056283,1056283.jpg,710,682
1056284,1056284.jpg,608,851
1056291,1056291.jpg,692,598
1056292,1056292.jpg,562,580
1056293,1056293.jpg,560,884
1056294,1056294.jpg,582,803
1056301,1056301.jpg,1152,738
1056302,1056302.jpg,676,731
1056303,1056303.jpg,629,630
1056304,1056304.jpg,625,462
1056311,1056311.jpg,497,658
1056312,1056312.jpg,530,600
1056313,1056313.jpg,665,620
1056314,1056314.jpg,624,631
1056321,1056321.jpg,676,751
1056322,1056322.jpg,587,589
1056323,1056323.jpg,549,881
1056324,1056324.jpg,767,724
1056331,1056331.jpg,630,555
1056332,1056332.jpg,803,796
1056333,1056333.jpg,560,614
1056334,1056334.jpg,752,658
1056341,1056341.jpg,1017,764
1056342,1056342.jpg,791,533
1056343,1056343.jpg,795,565
1056344,1056344.jpg,964,769
1056351,1056351.jpg,692,668
1056352,1056352.jpg,888,606
1056353,1056353.jpg,648,813
1056354,1056354.jpg,747,722
1056361,1056361.jpg,619,832
1056362,1056362.jpg,1025,903
1056363,1056363.jpg,737,879
1056364,1056364.jpg,861,591
1056371,1056371.jpg,723,544
1056372,1056372.jpg,698,628
1056373,1056373.jpg,691,605
1056374,1056374.jpg,512,588
1056381,1056381.jpg,688,829
1056382,1056382.jpg,555,689
1056383,1056383.jpg,657,703
1056384,1056384.jpg,614,664
1056391,1056391.jpg,667,809
1056392,1056392.jpg,991,777
1056393,1056393.jpg,1009,587
1056394,1056394.jpg,670,779
1056401,1056401.jpg,711,590
1056403,1056403.jpg,859,680
1056404,1056404.jpg,477,592
1056411,1056411.jpg,621,581
1056412,1056412.jpg,503,505
1056413,1056413.jpg,962,586
1056414,1056414.jpg,951,601
1056421,1056421.jpg,737,639
1056422,1056422.jpg,522,652
1056423,1056423.jpg,563,623
1056424,1056424.jpg,961,669
1056431,1056431.jpg,857,666
1056432,1056432.jpg,512,793
1056433,1056433.jpg,812,607
1056434,1056434.jpg,575,716
1056441,1056441.jpg,925,762
1056442,1056442.jpg,646,674
1056443,1056443.jpg,1026,805
1056444,1056444.jpg,621,665
1056451,1056451.jpg,708,873
1056452,1056452.jpg,1121,627
1056453,1056453.jpg,522,671
1056454,1056454.jpg,558,711
1056455,1056455.jpg,394,776
1056461,1056461.jpg,682,751
1056462,1056462.jpg,1221,936
1056463,1056463.jpg,552,674
1056464,1056464.jpg,1064,1006
1056471,1056471.jpg,724,595
1056472,1056472.jpg,742,623
1056473,1056473.jpg,528,498
1056474,1056474.jpg,499,558
1056481,1056481.jpg,610,607
1056482,1056482.jpg,610,822
1056483,1056483.jpg,521,601
1056484,1056484.jpg,694,504
1056491,1056491.jpg,647,631
1056492,1056492.jpg,651,1018
1056493,1056493.jpg,917,740
1056494,1056494.jpg,714,883
1056501,1056501.jpg,532,555
1056502,1056502.jpg,625,562
1056503,1056503.jpg,644,548
1056504,1056504.jpg,535,648
1056511,1056511.jpg,660,559
1056512,1056512.jpg,689,706
1056513,1056513.jpg,870,630
1056514,1056514.jpg,503,576
1056521,1056521.jpg,615,705
1056522,1056522.jpg,585,661
1056523,1056523.jpg,581,969
1056524,1056524.jpg,562,623
1056531,1056531.jpg,612,574
1056532,1056532.jpg,728,781
1056533,1056533.jpg,593,598
1056534,1056534.jpg,638,718
1056541,1056541.jpg,731,831
1056542,1056542.jpg,542,470
1056543,1056543.jpg,740,731
1056544,1056544.jpg,550,524
1056551,1056551.jpg,504,446
1056552,1056552.jpg,1360,1024
1056553,1056553.jpg,691,698
1056554,1056554.jpg,575,462
1056561,1056561.jpg,529,739
1056562,1056562.jpg,533,759
1056563,1056563.jpg,543,609
1056564,1056564.jpg,665,528
1056571,1056571.jpg,685,676
1056572,1056572.jpg,607,555
1056573,1056573.jpg,570,445
1056574,1056574.jpg,744,650
1056581,1056581.jpg,704,535
1056582,1056582.jpg,536,460
1056583,1056583.jpg,961,712
1056584,1056584.jpg,710,529
1056585,1056585.jpg,593,718
1056591,1056591.jpg,581,581
1056592,1056592.jpg,554,625
1056593,1056593.jpg,503,413
1056594,1056594.jpg,666,838
1056601,1056601.jpg,554,550
1056602,1056602.jpg,635,614
1056603,1056603.jpg,740,572
1056604,1056604.jpg,596,552
1056611,1056611.jpg,630,645
1056612,1056612.jpg,929,808
1056613,1056613.jpg,581,619
1056614,1056614.jpg,613,576
1056621,1056621.jpg,667,570
1056622,1056622.jpg,593,733
1056623,1056623.jpg,645,550
1056624,1056624.jpg,594,743
1056631,1056631.jpg,600,481
1056632,1056632.jpg,684,470
1056633,1056633.jpg,535,579
1056634,1056634.jpg,539,417
1056641,1056641.jpg,567,837
1056642,1056642.jpg,626,700
1056643,1056643.jpg,625,574
1056644,1056644.jpg,751,604
1056651,1056651.jpg,545,508
1056652,1056652.jpg,974,857
1056653,1056653.jpg,534,540
1056654,1056654.jpg,686,873
1056655,1056655.jpg,494,492
1056661,1056661.jpg,556,586
1056662,1056662.jpg,500,612
1056663,1056663.jpg,585,540
1056664,1056664.jpg,861,852
1056671,1056671.jpg,632,646
1056672,1056672.jpg,1254,1007
1056673,1056673.jpg,631,991
1056674,1056674.jpg,446,464
1056675,1056675.jpg,590,614
1056681,1056681.jpg,602,636
1056682,1056682.jpg,629,841
1056683,1056683.jpg,516,837
1056684,1056684.jpg,654,637
1056691,1056691.jpg,660,520
1056692,1056692.jpg,521,535
1056693,1056693.jpg,742,741
1056694,1056694.jpg,633,446
1056701,1056701.jpg,573,768
1056702,1056702.jpg,651,607
1056703,1056703.jpg,590,433
1056704,1056704.jpg,599,680
1056711,1056711.jpg,493,456
1056712,1056712.jpg,537,478
1056713,1056713.jpg,491,622
1056714,1056714.jpg,956,527
1056721,1056721.jpg,581,481
1056722,1056722.jpg,504,574
1056723,1056723.jpg,545,717
1056724,1056724.jpg,759,997
1056731,1056731.jpg,738,612
1056732,1056732.jpg,662,555
1056733,1056733.jpg,628,527
1056734,1056734.jpg,549,692
1056735,1056735.jpg,498,572
1056736,1056736.jpg,687,644
1056741,1056741.jpg,503,697
1056742,1056742.jpg,576,651
1056743,1056743.jpg,646,540
1056744,1056744.jpg,610,623
1056751,1056751.jpg,605,567
1056752,1056752.jpg,595,602
1056753,1056753.jpg,474,749
1056754,1056754.jpg,546,663
1056761,1056761.jpg,758,679
1056762,1056762.jpg,633,566
1056763,1056763.jpg,707,625
1056764,1056764.jpg,1024,696
1056771,1056771.jpg,727,762
1056772,1056772.jpg,906,863
1056773,1056773.jpg,668,636
1056774,1056774.jpg,565,764
1056781,1056781.jpg,644,624
1056782,1056782.jpg,711,684
1056783,1056783.jpg,612,404
1056784,1056784.jpg,623,851
1056791,1056791.jpg,657,781
1056792,1056792.jpg,543,529
1056793,1056793.jpg,628,686
1056794,1056794.jpg,565,630
1056801,1056801.jpg,454,425
1056802,1056802.jpg,774,629
1056803,1056803.jpg,669,693
1056804,1056804.jpg,586,598
1056805,1056805.jpg,623,744
1056811,1056811.jpg,572,557
1056812,1056812.jpg,501,837
1056813,1056813.jpg,618,578
1056814,1056814.jpg,806,904
1056815,1056815.jpg,835,887
1056821,1056821.jpg,568,546
1056822,1056822.jpg,604,476
1056823,1056823.jpg,464,453
1056824,1056824.jpg,1103,678
1056831,1056831.jpg,505,540
1056832,1056832.jpg,1187,943
1056833,1056833.jpg,527,581
1056834,1056834.jpg,410,561
1056835,1056835.jpg,419,516
1056841,1056841.jpg,845,798
1056842,1056842.jpg,482,605
1056843,1056843.jpg,586,572
1056844,1056844.jpg,1021,802
1056851,1056851.jpg,592,520
1056852,1056852.jpg,1082,742
1056853,1056853.jpg,360,444
1056854,1056854.jpg,506,491
1056861,1056861.jpg,519,492
1056862,1056862.jpg,585,582
1056863,1056863.jpg,476,589
1056864,1056864.jpg,851,636
1056871,1056871.jpg,848,525
1056872,1056872.jpg,543,487
1056873,1056873.jpg,664,653
1056874,1056874.jpg,679,556
1056881,1056881.jpg,740,829
1056882,1056882.jpg,583,582
1056883,1056883.jpg,547,512
1056884,1056884.jpg,682,870
1056891,1056891.jpg,1082,598
1056892,1056892.jpg,453,589
1056893,1056893.jpg,650,729
1056894,1056894.jpg,470,445
1056901,1056901.jpg,498,595
1056902,1056902.jpg,517,538
1056903,1056903.jpg,755,781
1056904,1056904.jpg,740,677
1056911,1056911.jpg,499,530
1056912,1056912.jpg,526,581
1056913,1056913.jpg,625,599
1056914,1056914.jpg,501,435
1056921,1056921.jpg,1064,667
1056922,1056922.jpg,766,425
1056923,1056923.jpg,511,584
1056924,1056924.jpg,644,788
1056931,1056931.jpg,551,635
1056932,1056932.jpg,667,608
1056933,1056933.jpg,1301,932
1056934,1056934.jpg,557,820
1056935,1056935.jpg,558,644
1056936,1056936.jpg,651,714
1056941,1056941.jpg,570,620
1056942,1056942.jpg,604,692
1056943,1056943.jpg,765,675
1056944,1056944.jpg,701,664
1056945,1056945.jpg,777,628
1056951,1056951.jpg,456,513
1056952,1056952.jpg,553,888
1056953,1056953.jpg,598,725
1056954,1056954.jpg,616,665
1056961,1056961.jpg,513,631
1056962,1056962.jpg,519,594
1056963,1056963.jpg,591,623
1056964,1056964.jpg,474,755
1056971,1056971.jpg,723,689
1056972,1056972.jpg,660,618
1056973,1056973.jpg,521,557
1056974,1056974.jpg,612,548
1056981,1056981.jpg,608,655
1056982,1056982.jpg,524,691
1056983,1056983.jpg,514,536
1056984,1056984.jpg,509,468
1056991,1056991.jpg,991,855
1056992,1056992.jpg,600,593
1056993,1056993.jpg,551,517
1056994,1056994.jpg,442,428
1056995,1056995.jpg,541,503
1057001,1057001.jpg,467,528
1057002,1057002.jpg,483,602
1057003,1057003.jpg,821,724
1057004,1057004.jpg,553,508
1057005,1057005.jpg,634,570
1057011,1057011.jpg,875,671
1057012,1057012.jpg,717,619
1057013,1057013.jpg,514,642
1057014,1057014.jpg,698,765
1057021,1057021.jpg,738,795
1057022,1057022.jpg,688,534
1057023,1057023.jpg,911,767
1057024,1057024.jpg,738,746
1057031,1057031.jpg,635,709
1057032,1057032.jpg,980,916
1057033,1057033.jpg,781,981
1057034,1057034.jpg,840,988
1057041,1057041.jpg,539,544
1057042,1057042.jpg,805,828
1057043,1057043.jpg,854,706
1057044,1057044.jpg,569,577
1057051,1057051.jpg,598,881
1057052,1057052.jpg,557,619
1057053,1057053.jpg,1247,790
1057054,1057054.jpg,1041,867
1057055,1057055.jpg,754,883
1057061,1057061.jpg,699,578
1057062,1057062.jpg,588,652
1057063,1057063.jpg,570,660
1057064,1057064.jpg,755,541
1057071,1057071.jpg,824,971
1057072,1057072.jpg,477,432
1057073,1057073.jpg,714,581
1057074,1057074.jpg,558,713
1057081,1057081.jpg,407,592
1057082,1057082.jpg,640,825
1057083,1057083.jpg,415,525
1057084,1057084.jpg,1277,665
1057091,1057091.jpg,569,770
1057092,1057092.jpg,953,824
1057093,1057093.jpg,561,607
1057094,1057094.jpg,621,662
1057101,1057101.jpg,705,686
1057102,1057102.jpg,860,605
1057103,1057103.jpg,643,601
1057104,1057104.jpg,510,937
1057111,1057111.jpg,579,834
1057112,1057112.jpg,856,698
1057113,1057113.jpg,682,786
1057114,1057114.jpg,814,686
1057115,1057115.jpg,623,600
1057121,1057121.jpg,714,726
1057122,1057122.jpg,463,621
1057123,1057123.jpg,621,578
1057124,1057124.jpg,966,990
1057131,1057131.jpg,669,771
1057132,1057132.jpg,628,530
1057133,1057133.jpg,915,793
1057134,1057134.jpg,755,990
1057141,1057141.jpg,679,795
1057142,1057142.jpg,568,494
1057143,1057143.jpg,584,574
1057144,1057144.jpg,618,852
1057151,1057151.jpg,593,710
1057152,1057152.jpg,1156,659
1057153,1057153.jpg,832,678
1057154,1057154.jpg,710,596
1057161,1057161.jpg,827,632
1057162,1057162.jpg,630,547
1057163,1057163.jpg,670,553
1057164,1057164.jpg,564,719
1057165,1057165.jpg,548,721
1057166,1057166.jpg,806,706
1057171,1057171.jpg,547,617
1057172,1057172.jpg,556,649
1057173,1057173.jpg,590,540
1057174,1057174.jpg,696,756
1057181,1057181.jpg,494,530
1057182,1057182.jpg,563,680
1057183,1057183.jpg,609,782
1057184,1057184.jpg,814,636
1057191,1057191.jpg,739,488
1057192,1057192.jpg,559,535
1057193,1057193.jpg,578,674
1057194,1057194.jpg,701,626
1057201,1057201.jpg,628,796
1057202,1057202.jpg,773,665
1057203,1057203.jpg,670,760
1057204,1057204.jpg,625,601
1057211,1057211.jpg,802,953
1057212,1057212.jpg,950,744
1057213,1057213.jpg,569,584
1057214,1057214.jpg,553,827
1057221,1057221.jpg,551,662
1057222,1057222.jpg,695,613
1057223,1057223.jpg,476,473
1057224,1057224.jpg,680,513
1057231,1057231.jpg,524,617
1057232,1057232.jpg,614,690
1057233,1057233.jpg,952,837
1057234,1057234.jpg,904,1001
1057241,1057241.jpg,619,641
1057242,1057242.jpg,698,902
1057243,1057243.jpg,699,586
1057244,1057244.jpg,586,605
1057251,1057251.jpg,854,866
1057252,1057252.jpg,995,760
1057253,1057253.jpg,589,622
1057254,1057254.jpg,741,849
1057255,1057255.jpg,557,499
1057261,1057261.jpg,515,650
1057262,1057262.jpg,713,594
1057263,1057263.jpg,535,682
1057264,1057264.jpg,786,941
1057265,1057265.jpg,715,617
1057271,1057271.jpg,633,591
1057272,1057272.jpg,670,656
1057273,1057273.jpg,917,999
1057274,1057274.jpg,720,591
1057281,1057281.jpg,561,523
1057282,1057282.jpg,863,840
1057283,1057283.jpg,634,711
1057284,1057284.jpg,601,615
1057291,1057291.jpg,498,915
1057292,1057292.jpg,536,487
1057293,1057293.jpg,668,683
1057294,1057294.jpg,627,782
1057301,1057301.jpg,799,521
1057302,1057302.jpg,634,544
1057303,1057303.jpg,645,591
1057304,1057304.jpg,898,783
1057311,1057311.jpg,667,587
1057312,1057312.jpg,524,532
1057313,1057313.jpg,749,667
1057314,1057314.jpg,714,577
1057321,1057321.jpg,560,770
1057322,1057322.jpg,846,637
1057323,1057323.jpg,892,723
1057324,1057324.jpg,567,569
1057331,1057331.jpg,655,439
1057332,1057332.jpg,502,686
1057333,1057333.jpg,935,998
1057341,1057341.jpg,655,526
1057342,1057342.jpg,660,680
1057343,1057343.jpg,635,658
1057344,1057344.jpg,448,629
1057351,1057351.jpg,620,596
1057352,1057352.jpg,774,763
1057353,1057353.jpg,586,614
1057354,1057354.jpg,552,505
1057361,1057361.jpg,942,698
1057362,1057362.jpg,726,788
1057363,1057363.jpg,772,648
1057364,1057364.jpg,529,534
1057371,1057371.jpg,715,614
1057372,1057372.jpg,453,409
1057373,1057373.jpg,707,766
1057374,1057374.jpg,862,541
1057381,1057381.jpg,692,796
1057382,1057382.jpg,666,741
1057383,1057383.jpg,761,539
1057384,1057384.jpg,726,663
1057391,1057391.jpg,629,852
1057392,1057392.jpg,618,550
1057393,1057393.jpg,630,622
1057394,1057394.jpg,796,613
1057401,1057401.jpg,594,623
1057402,1057402.jpg,559,451
1057403,1057403.jpg,832,524
1057404,1057404.jpg,842,807
1057411,1057411.jpg,716,589
1057412,1057412.jpg,561,729
1057413,1057413.jpg,1019,924
1057414,1057414.jpg,503,610
1057421,1057421.jpg,703,783
1057422,1057422.jpg,590,488
1057423,1057423.jpg,471,829
1057424,1057424.jpg,604,593
1057431,1057431.jpg,610,726
1057432,1057432.jpg,592,546
1057433,1057433.jpg,834,559
1057434,1057434.jpg,741,1001
1057441,1057441.jpg,562,706
1057442,1057442.jpg,564,601
1057443,1057443.jpg,697,680
1057444,1057444.jpg,501,831
1057451,1057451.jpg,856,664
1057452,1057452.jpg,852,529
1057453,1057453.jpg,765,519
1057454,1057454.jpg,565,950
1057461,1057461.jpg,671,592
1057462,1057462.jpg,567,566
1057463,1057463.jpg,497,660
1057464,1057464.jpg,781,698
1057471,1057471.jpg,511,681
1057472,1057472.jpg,753,690
1057473,1057473.jpg,730,855
1057474,1057474.jpg,585,702
1057481,1057481.jpg,586,446
1057482,1057482.jpg,523,520
1057483,1057483.jpg,629,564
1057484,1057484.jpg,679,675
1057491,1057491.jpg,537,550
1057492,1057492.jpg,529,565
1057493,1057493.jpg,764,1004
1057495,1057495.jpg,396,653
1057501,1057501.jpg,739,584
1057502,1057502.jpg,531,493
1057503,1057503.jpg,529,548
1057504,1057504.jpg,558,556
1057505,1057505.jpg,671,719
1057511,1057511.jpg,535,501
1057512,1057512.jpg,738,590
1057513,1057513.jpg,667,708
1057514,1057514.jpg,986,929
1057515,1057515.jpg,703,585
1057521,1057521.jpg,1054,608
1057522,1057522.jpg,698,621
1057523,1057523.jpg,643,624
1057524,1057524.jpg,751,768
1057525,1057525.jpg,645,986
1057531,1057531.jpg,508,546
1057532,1057532.jpg,610,619
1057533,1057533.jpg,702,696
1057534,1057534.jpg,776,591
1057541,1057541.jpg,675,651
1057542,1057542.jpg,671,580
1057543,1057543.jpg,479,538
1057544,1057544.jpg,740,919
1057551,1057551.jpg,682,709
1057552,1057552.jpg,727,626
1057553,1057553.jpg,563,599
1057554,1057554.jpg,893,952
1057555,1057555.jpg,720,610
1057561,1057561.jpg,612,702
1057562,1057562.jpg,1234,961
1057563,1057563.jpg,590,538
1057564,1057564.jpg,728,740
1057571,1057571.jpg,778,736
1057572,1057572.jpg,843,579
1057573,1057573.jpg,690,631
1057574,1057574.jpg,641,581
1057581,1057581.jpg,636,797
1057582,1057582.jpg,643,521
1057583,1057583.jpg,643,597
1057584,1057584.jpg,587,580
1057591,1057591.jpg,877,753
1057592,1057592.jpg,807,919
1057593,1057593.jpg,848,791
1057594,1057594.jpg,535,799
1057601,1057601.jpg,700,764
1057602,1057602.jpg,828,698
1057603,1057603.jpg,476,537
1057604,1057604.jpg,603,621
1057605,1057605.jpg,558,661
1057606,1057606.jpg,804,726
1057607,1057607.jpg,842,652
1057611,1057611.jpg,499,805
1057612,1057612.jpg,718,647
1057613,1057613.jpg,521,419
1057614,1057614.jpg,445,507
1057615,1057615.jpg,620,648
1057621,1057621.jpg,488,487
1057622,1057622.jpg,604,651
1057623,1057623.jpg,602,850
1057624,1057624.jpg,800,692
1057631,1057631.jpg,629,569
1057632,1057632.jpg,479,510
1057633,1057633.jpg,654,672
1057634,1057634.jpg,593,632
1057641,1057641.jpg,842,1000
1057642,1057642.jpg,996,803
1057643,1057643.jpg,840,754
1057644,1057644.jpg,585,631
1057651,1057651.jpg,666,959
1057652,1057652.jpg,758,822
1057653,1057653.jpg,698,842
1057654,1057654.jpg,646,558
1057661,1057661.jpg,535,627
1057662,1057662.jpg,663,727
1057663,1057663.jpg,550,550
1057664,1057664.jpg,759,489
1057671,1057671.jpg,595,597
1057672,1057672.jpg,701,498
1057673,1057673.jpg,656,810
1057674,1057674.jpg,1237,823
1057681,1057681.jpg,581,468
1057682,1057682.jpg,811,865
1057683,1057683.jpg,1010,984
1057684,1057684.jpg,548,605
1057691,1057691.jpg,630,649
1057692,1057692.jpg,602,577
1057693,1057693.jpg,623,698
1057694,1057694.jpg,626,589
1057701,1057701.jpg,811,738
1057702,1057702.jpg,768,720
1057703,1057703.jpg,468,457
1057704,1057704.jpg,812,648
1057711,1057711.jpg,771,792
1057712,1057712.jpg,771,655
1057713,1057713.jpg,771,698
1057714,1057714.jpg,914,750
1057721,1057721.jpg,526,473
1057722,1057722.jpg,683,605
1057723,1057723.jpg,771,578
1057724,1057724.jpg,1265,819
1057731,1057731.jpg,538,559
1057732,1057732.jpg,520,620
1057733,1057733.jpg,707,749
1057734,1057734.jpg,634,781
1057741,1057741.jpg,1054,634
1057742,1057742.jpg,619,436
1057743,1057743.jpg,634,654
1057744,1057744.jpg,829,788
1057751,1057751.jpg,615,792
1057752,1057752.jpg,806,708
1057753,1057753.jpg,738,661
1057754,1057754.jpg,712,632
1057755,1057755.jpg,562,693
1057761,1057761.jpg,934,594
1057762,1057762.jpg,526,538
1057763,1057763.jpg,638,570
1057764,1057764.jpg,983,920
1057765,1057765.jpg,533,657
1057771,1057771.jpg,520,648
1057773,1057773.jpg,778,790
1057774,1057774.jpg,844,699
1057781,1057781.jpg,939,983
1057782,1057782.jpg,727,535
1057783,1057783.jpg,536,755
1057784,1057784.jpg,573,572
1057791,1057791.jpg,613,587
1057792,1057792.jpg,698,539
1057793,1057793.jpg,593,583
1057794,1057794.jpg,837,788
1057795,1057795.jpg,652,498
1057801,1057801.jpg,533,705
1057802,1057802.jpg,696,695
1057803,1057803.jpg,608,516
1057804,1057804.jpg,716,692
1057811,1057811.jpg,627,583
1057812,1057812.jpg,507,461
1057813,1057813.jpg,618,633
1057814,1057814.jpg,996,959
1057821,1057821.jpg,1219,559
1057822,1057822.jpg,500,490
1057823,1057823.jpg,1016,668
1057824,1057824.jpg,756,891
1057831,1057831.jpg,644,699
1057832,1057832.jpg,705,710
1057833,1057833.jpg,856,712
1057834,1057834.jpg,731,504
1057842,1057842.jpg,486,571
1057843,1057843.jpg,541,513
1057844,1057844.jpg,887,927
1057851,1057851.jpg,718,766
1057852,1057852.jpg,693,698
1057853,1057853.jpg,567,602
1057854,1057854.jpg,739,641
1057855,1057855.jpg,567,604
1057861,1057861.jpg,550,544
1057862,1057862.jpg,658,670
1057863,1057863.jpg,618,555
1057864,1057864.jpg,880,609
1057871,1057871.jpg,510,476
1057872,1057872.jpg,513,556
1057873,1057873.jpg,519,511
1057874,1057874.jpg,558,543
1057881,1057881.jpg,602,575
1057882,1057882.jpg,670,601
1057883,1057883.jpg,723,744
1057884,1057884.jpg,688,694
1057891,1057891.jpg,598,637
1057892,1057892.jpg,543,545
1057893,1057893.jpg,612,469
1057894,1057894.jpg,612,634
1057901,1057901.jpg,541,536
1057902,1057902.jpg,582,520
1057903,1057903.jpg,694,695
1057904,1057904.jpg,534,644
1057905,1057905.jpg,713,760
1057911,1057911.jpg,1145,817
1057912,1057912.jpg,690,831
1057913,1057913.jpg,530,514
1057914,1057914.jpg,893,695
1057915,1057915.jpg,913,990
1057921,1057921.jpg,1281,964
1057922,1057922.jpg,602,606
1057923,1057923.jpg,787,722
1057924,1057924.jpg,524,869
1057931,1057931.jpg,414,535
1057932,1057932.jpg,579,600
1057933,1057933.jpg,1180,770
1057934,1057934.jpg,658,882
1057942,1057942.jpg,630,699
1057943,1057943.jpg,780,582
1057944,1057944.jpg,822,582
1057951,1057951.jpg,579,603
1057952,1057952.jpg,657,849
1057953,1057953.jpg,1103,984
1057954,1057954.jpg,725,767
1057961,1057961.jpg,581,547
1057962,1057962.jpg,590,563
1057963,1057963.jpg,842,987
1057964,1057964.jpg,711,766
1057971,1057971.jpg,885,832
1057972,1057972.jpg,726,493
1057973,1057973.jpg,657,616
1057974,1057974.jpg,730,829
1057981,1057981.jpg,730,656
1057982,1057982.jpg,728,983
1057983,1057983.jpg,883,813
1057984,1057984.jpg,548,542
1057991,1057991.jpg,783,732
1057992,1057992.jpg,756,690
1057994,1057994.jpg,568,508
1058001,1058001.jpg,569,742
1058002,1058002.jpg,527,577
1058003,1058003.jpg,743,608
1058004,1058004.jpg,589,838
1058011,1058011.jpg,645,782
1058012,1058012.jpg,897,791
1058013,1058013.jpg,791,728
1058014,1058014.jpg,639,533
1058021,1058021.jpg,1167,613
1058022,1058022.jpg,527,510
1058023,1058023.jpg,841,776
1058024,1058024.jpg,988,760
1058031,1058031.jpg,999,704
1058032,1058032.jpg,564,478
1058033,1058033.jpg,1027,765
1058034,1058034.jpg,726,944
1058041,1058041.jpg,613,585
1058042,1058042.jpg,744,538
1058043,1058043.jpg,646,553
1058044,1058044.jpg,656,633
1058051,1058051.jpg,558,584
1058052,1058052.jpg,621,711
1058053,1058053.jpg,598,590
1058054,1058054.jpg,603,690
1058055,1058055.jpg,812,852
1058061,1058061.jpg,613,415
1058062,1058062.jpg,769,838
1058063,1058063.jpg,568,542
1058064,1058064.jpg,489,533
1058065,1058065.jpg,940,628
1058071,1058071.jpg,543,586
1058072,1058072.jpg,827,666
1058073,1058073.jpg,656,481
1058074,1058074.jpg,694,548
1058075,1058075.jpg,634,541
1058081,1058081.jpg,617,552
1058082,1058082.jpg,686,671
1058083,1058083.jpg,680,673
1058084,1058084.jpg,604,724
1058091,1058091.jpg,763,737
1058092,1058092.jpg,610,803
1058093,1058093.jpg,602,653
1058094,1058094.jpg,990,1006
1058101,1058101.jpg,749,650
1058102,1058102.jpg,485,612
1058103,1058103.jpg,478,529
1058104,1058104.jpg,645,644
1058111,1058111.jpg,713,724
1058112,1058112.jpg,941,522
1058113,1058113.jpg,596,648
1058114,1058114.jpg,1111,628
1058121,1058121.jpg,556,951
1058122,1058122.jpg,616,652
1058123,1058123.jpg,832,664
1058124,1058124.jpg,1332,741
1058131,1058131.jpg,545,557
1058132,1058132.jpg,784,716
1058133,1058133.jpg,634,708
1058134,1058134.jpg,551,714
1058141,1058141.jpg,765,666
1058142,1058142.jpg,922,543
1058143,1058143.jpg,702,720
1058144,1058144.jpg,939,966
1058145,1058145.jpg,620,705
1058151,1058151.jpg,965,685
1058152,1058152.jpg,661,642
1058153,1058153.jpg,695,733
1058154,1058154.jpg,561,482
1058162,1058162.jpg,449,499
1058163,1058163.jpg,825,708
1058164,1058164.jpg,1223,680
1058171,1058171.jpg,602,891
1058172,1058172.jpg,686,652
1058173,1058173.jpg,587,609
1058174,1058174.jpg,836,614
1058181,1058181.jpg,491,733
1058182,1058182.jpg,616,952
1058183,1058183.jpg,530,535
1058184,1058184.jpg,1202,813
1058185,1058185.jpg,613,669
1058186,1058186.jpg,840,650
1058191,1058191.jpg,613,775
1058192,1058192.jpg,565,539
1058193,1058193.jpg,820,999
1058194,1058194.jpg,598,702
1058195,1058195.jpg,536,704
1058201,1058201.jpg,650,554
1058202,1058202.jpg,769,913
1058203,1058203.jpg,1030,868
1058204,1058204.jpg,648,478
1060011,1060011.jpg,640,789
1060012,1060012.jpg,1044,696
1060013,1060013.jpg,569,582
1060014,1060014.jpg,821,654
1060015,1060015.jpg,561,643
1060021,1060021.jpg,704,1021
1060022,1060022.jpg,669,673
1060023,1060023.jpg,540,747
1060024,1060024.jpg,690,619
1060031,1060031.jpg,1100,1014
1060032,1060032.jpg,773,699
1060033,1060033.jpg,679,738
1060034,1060034.jpg,536,800
1060041,1060041.jpg,675,619
1060042,1060042.jpg,631,706
1060043,1060043.jpg,563,655
1060044,1060044.jpg,662,797
1060045,1060045.jpg,632,528
1060051,1060051.jpg,658,714
1060052,1060052.jpg,998,1006
1060053,1060053.jpg,485,502
1060054,1060054.jpg,674,930
1060061,1060061.jpg,658,619
1060062,1060062.jpg,899,619
1060063,1060063.jpg,808,628
1060064,1060064.jpg,1093,947
1060072,1060072.jpg,507,594
1060073,1060073.jpg,493,594
1060074,1060074.jpg,744,768
1060081,1060081.jpg,507,493
1060082,1060082.jpg,544,493
1060083,1060083.jpg,549,579
1060084,1060084.jpg,568,776
1060091,1060091.jpg,683,651
1060092,1060092.jpg,665,707
1060093,1060093.jpg,581,735
1060094,1060094.jpg,653,828
1060101,1060101.jpg,718,992
1060102,1060102.jpg,779,810
1060103,1060103.jpg,554,633
1060104,1060104.jpg,630,639
1060111,1060111.jpg,648,700
1060112,1060112.jpg,718,424
1060113,1060113.jpg,645,605
1060114,1060114.jpg,684,599
1060121,1060121.jpg,945,604
1060122,1060122.jpg,695,611
1060131,1060131.jpg,813,611
1060132,1060132.jpg,1210,771
1060141,1060141.jpg,1081,1000
1060142,1060142.jpg,1027,965
1060143,1060143.jpg,586,562
1060144,1060144.jpg,1360,1024
1060151,1060151.jpg,662,583
1060152,1060152.jpg,781,577
1060153,1060153.jpg,666,718
1060161,1060161.jpg,760,501
1060162,1060162.jpg,709,915
1060163,1060163.jpg,844,994
1060164,1060164.jpg,769,799
1060171,1060171.jpg,699,651
1060172,1060172.jpg,633,627
1060173,1060173.jpg,1360,942
1060181,1060181.jpg,697,581
1060182,1060182.jpg,720,615
1060191,1060191.jpg,715,752
1060192,1060192.jpg,762,905
1060193,1060193.jpg,780,783
1060201,1060201.jpg,819,623
1060202,1060202.jpg,1016,624
1060203,1060203.jpg,584,894
1060211,1060211.jpg,735,801
1060212,1060212.jpg,591,675
1060213,1060213.jpg,463,439
1060221,1060221.jpg,547,510
1060222,1060222.jpg,690,616
1060223,1060223.jpg,623,648
1060231,1060231.jpg,575,637
1060232,1060232.jpg,706,800
1060241,1060241.jpg,577,648
1060242,1060242.jpg,629,630
1060251,1060251.jpg,615,689
1060252,1060252.jpg,1255,619
1060261,1060261.jpg,1215,996
1060262,1060262.jpg,992,784
1060263,1060263.jpg,651,921
1060271,1060271.jpg,899,811
1060272,1060272.jpg,676,572
1060281,1060281.jpg,842,565
1060282,1060282.jpg,673,783
1060291,1060291.jpg,919,700
1060292,1060292.jpg,649,650
1060293,1060293.jpg,829,707
1060301,1060301.jpg,605,536
1060302,1060302.jpg,516,487
1060311,1060311.jpg,928,713
1060321,1060321.jpg,633,1017
1060322,1060322.jpg,843,558
1060323,1060323.jpg,800,720
1060324,1060324.jpg,539,499
1060331,1060331.jpg,848,686
1060332,1060332.jpg,1213,884
1060333,1060333.jpg,704,816
1060341,1060341.jpg,586,666
1060342,1060342.jpg,748,630
1060343,1060343.jpg,1114,651
1060351,1060351.jpg,1143,714
1060352,1060352.jpg,843,698
1060353,1060353.jpg,778,738
1060361,1060361.jpg,655,572
1060362,1060362.jpg,689,673
1060363,1060363.jpg,622,551
1060381,1060381.jpg,748,881
1060382,1060382.jpg,900,904
1060383,1060383.jpg,1162,978
1060391,1060391.jpg,759,619
1060392,1060392.jpg,1151,931
1060401,1060401.jpg,702,934
1060402,1060402.jpg,851,989
1060403,1060403.jpg,873,651
1060411,1060411.jpg,831,774
1060412,1060412.jpg,722,862
1060421,1060421.jpg,1360,1024
1060422,1060422.jpg,655,717
1060431,1060431.jpg,689,600
1060432,1060432.jpg,641,488
1060441,1060441.jpg,667,684
1060442,1060442.jpg,706,749
1060451,1060451.jpg,870,746
1060452,1060452.jpg,1235,1004
1060461,1060461.jpg,1007,791
1060462,1060462.jpg,1056,790
1060463,1060463.jpg,647,637
1060471,1060471.jpg,699,549
1060472,1060472.jpg,591,726
1060481,1060481.jpg,690,587
1060482,1060482.jpg,561,570
1060491,1060491.jpg,585,622
1060501,1060501.jpg,593,554
1060502,1060502.jpg,608,569
1060511,1060511.jpg,737,653
1060512,1060512.jpg,579,566
1060521,1060521.jpg,677,696
1060531,1060531.jpg,883,765
1060532,1060532.jpg,692,619
1060533,1060533.jpg,597,562
1060541,1060541.jpg,802,615
1060542,1060542.jpg,635,736
1060551,1060551.jpg,682,846
1060552,1060552.jpg,640,946
1060553,1060553.jpg,680,673
1060561,1060561.jpg,1360,1024
1060562,1060562.jpg,699,852
1060571,1060571.jpg,1038,1001
1060572,1060572.jpg,769,584
1060581,1060581.jpg,725,770
1060582,1060582.jpg,930,698
1060591,1060591.jpg,809,955
1060592,1060592.jpg,1070,906
1060593,1060593.jpg,570,631
1060611,1060611.jpg,724,711
1060612,1060612.jpg,657,628
1060613,1060613.jpg,1033,1001
1060621,1060621.jpg,665,649
1060631,1060631.jpg,653,688
1060632,1060632.jpg,856,886
1060633,1060633.jpg,588,529
1060641,1060641.jpg,538,658
1060651,1060651.jpg,655,909
1060652,1060652.jpg,737,692
1060661,1060661.jpg,1015,880
1060662,1060662.jpg,799,753
1060671,1060671.jpg,896,928
1060681,1060681.jpg,888,768
1060682,1060682.jpg,595,738
1060691,1060691.jpg,720,515
1060692,1060692.jpg,649,511
1060693,1060693.jpg,665,702
1060701,1060701.jpg,729,700
1060711,1060711.jpg,723,560
1060712,1060712.jpg,641,634
1060713,1060713.jpg,801,677
1060721,1060721.jpg,718,758
1060731,1060731.jpg,1081,960
1060741,1060741.jpg,815,913
1060742,1060742.jpg,757,588
1060743,1060743.jpg,962,570
1060751,1060751.jpg,729,960
1060752,1060752.jpg,491,518
1060761,1060761.jpg,629,610
1060771,1060771.jpg,912,943
1060772,1060772.jpg,702,778
1060781,1060781.jpg,978,632
1060791,1060791.jpg,613,609
1060792,1060792.jpg,487,571
1060801,1060801.jpg,996,879
1060802,1060802.jpg,1360,1024
1060803,1060803.jpg,646,565
1060811,1060811.jpg,602,780
1060831,1060831.jpg,964,921
1060832,1060832.jpg,1002,553
1060833,1060833.jpg,655,701
1060841,1060841.jpg,808,716
1060851,1060851.jpg,1182,860
1060852,1060852.jpg,569,652
1060861,1060861.jpg,947,1013
1060862,1060862.jpg,727,877
1060871,1060871.jpg,728,638
1060881,1060881.jpg,726,681
1060882,1060882.jpg,603,693
1060891,1060891.jpg,791,795
1060892,1060892.jpg,1360,1024
1060911,1060911.jpg,693,768
1070011,1070011.jpg,695,651
1070012,1070012.jpg,592,596
1070013,1070013.jpg,727,566
1070014,1070014.jpg,531,514
1070021,1070021.jpg,945,731
1070022,1070022.jpg,644,591
1070023,1070023.jpg,568,604
1070024,1070024.jpg,467,542
1070501,1070501.jpg,770,740
1070502,1070502.jpg,1142,921
1070503,1070503.jpg,594,683
1070504,1070504.jpg,682,579
1070505,1070505.jpg,650,625
1070511,1070511.jpg,774,678
1070512,1070512.jpg,860,786
1070513,1070513.jpg,698,618
1070514,1070514.jpg,794,689
1070521,1070521.jpg,658,720
1070522,1070522.jpg,710,708
1070523,1070523.jpg,707,880
1070524,1070524.jpg,756,922
1070531,1070531.jpg,704,723
1070532,1070532.jpg,949,721
1070533,1070533.jpg,714,676
1070534,1070534.jpg,649,514
1070541,1070541.jpg,732,710
1070542,1070542.jpg,504,599
1070543,1070543.jpg,487,483
1070544,1070544.jpg,999,708
1070551,1070551.jpg,789,812
1070552,1070552.jpg,749,975
1070553,1070553.jpg,736,650
1070554,1070554.jpg,562,910
1070561,1070561.jpg,880,737
1070562,1070562.jpg,776,721
1070563,1070563.jpg,558,519
1070564,1070564.jpg,643,549
1070565,1070565.jpg,714,697
1070571,1070571.jpg,1102,780
1070572,1070572.jpg,738,614
1070581,1070581.jpg,763,793
1070583,1070583.jpg,632,678
1070591,1070591.jpg,691,758
1070592,1070592.jpg,854,815
1070593,1070593.jpg,560,592
1070594,1070594.jpg,1073,734
1070601,1070601.jpg,949,806
1070602,1070602.jpg,491,675
1070603,1070603.jpg,684,757
1070611,1070611.jpg,663,625
1070612,1070612.jpg,572,518
1070613,1070613.jpg,607,502
1070614,1070614.jpg,549,627
1070621,1070621.jpg,402,692
1070622,1070622.jpg,1332,826
1070623,1070623.jpg,534,547
1070624,1070624.jpg,596,579
1070631,1070631.jpg,583,856
1070632,1070632.jpg,538,602
1070633,1070633.jpg,644,656
1070641,1070641.jpg,847,939
1070642,1070642.jpg,627,563
1070643,1070643.jpg,664,640
1070644,1070644.jpg,952,691
1070651,1070651.jpg,538,814
1070652,1070652.jpg,1306,661
1070653,1070653.jpg,511,667
1070654,1070654.jpg,695,834
1070655,1070655.jpg,891,944
1070661,1070661.jpg,666,530
1070662,1070662.jpg,791,650
1070663,1070663.jpg,591,552
1070664,1070664.jpg,656,757
1070671,1070671.jpg,630,678
1070672,1070672.jpg,1153,978
1070673,1070673.jpg,1140,1012
1070674,1070674.jpg,734,592
1070681,1070681.jpg,1074,906
1070682,1070682.jpg,647,628
1070683,1070683.jpg,810,663
1070684,1070684.jpg,652,736
1070691,1070691.jpg,1174,673
1070692,1070692.jpg,523,489
1070693,1070693.jpg,604,639
1070694,1070694.jpg,538,448
1070701,1070701.jpg,684,713
1070702,1070702.jpg,623,515
1070703,1070703.jpg,640,706
1070711,1070711.jpg,760,893
1070712,1070712.jpg,765,823
1070713,1070713.jpg,910,824
1070721,1070721.jpg,984,771
1070722,1070722.jpg,703,727
1070723,1070723.jpg,840,582
1070731,1070731.jpg,1061,712
1070732,1070732.jpg,738,541
1070733,1070733.jpg,890,639
1070734,1070734.jpg,869,690
1070741,1070741.jpg,560,837
1070742,1070742.jpg,602,530
1070743,1070743.jpg,639,592
1070744,1070744.jpg,622,640
1070751,1070751.jpg,542,649
1070752,1070752.jpg,670,714
1070753,1070753.jpg,511,555
1070761,1070761.jpg,595,682
1070762,1070762.jpg,732,808
1070763,1070763.jpg,647,660
1070771,1070771.jpg,1013,933
1070772,1070772.jpg,548,664
1070781,1070781.jpg,477,569
1070782,1070782.jpg,620,630
1070783,1070783.jpg,747,796
1070791,1070791.jpg,608,579
1070792,1070792.jpg,651,615
1070793,1070793.jpg,470,777
1070801,1070801.jpg,835,921
1070802,1070802.jpg,539,564
1070803,1070803.jpg,586,523
1070811,1070811.jpg,678,771
1070812,1070812.jpg,634,554
1070813,1070813.jpg,570,680
1070814,1070814.jpg,636,884
1070821,1070821.jpg,659,837
1070822,1070822.jpg,623,774
1070823,1070823.jpg,594,634
1070824,1070824.jpg,753,664
1070831,1070831.jpg,570,507
1070832,1070832.jpg,450,497
1070841,1070841.jpg,536,828
1070842,1070842.jpg,759,933
1070843,1070843.jpg,533,596
1070844,1070844.jpg,894,535
1070851,1070851.jpg,605,616
1070852,1070852.jpg,605,661
1070853,1070853.jpg,705,576
1070861,1070861.jpg,547,579
1070862,1070862.jpg,487,669
1070863,1070863.jpg,671,648
1070864,1070864.jpg,828,700
1070871,1070871.jpg,625,642
1070872,1070872.jpg,885,799
1070873,1070873.jpg,955,813
1070874,1070874.jpg,545,760
1070881,1070881.jpg,737,605
1070882,1070882.jpg,845,803
1070883,1070883.jpg,1035,761
1070891,1070891.jpg,648,541
1070892,1070892.jpg,1049,1010
1070901,1070901.jpg,566,809
1070902,1070902.jpg,565,709
1070903,1070903.jpg,717,720
1070911,1070911.jpg,584,601
1070912,1070912.jpg,687,735
1070913,1070913.jpg,602,553
1070921,1070921.jpg,671,707
1070922,1070922.jpg,614,731
1070923,1070923.jpg,777,673
1070924,1070924.jpg,864,508
1070931,1070931.jpg,566,556
1070932,1070932.jpg,511,654
1070933,1070933.jpg,790,499
1070934,1070934.jpg,898,917
1070941,1070941.jpg,1021,910
1070942,1070942.jpg,651,860
1070943,1070943.jpg,1261,939
1070951,1070951.jpg,794,660
1070952,1070952.jpg,1004,868
1070953,1070953.jpg,796,940
1070961,1070961.jpg,895,922
1070962,1070962.jpg,790,744
1070963,1070963.jpg,711,594
1070971,1070971.jpg,588,624
1070972,1070972.jpg,1192,597
1070973,1070973.jpg,543,522
1070974,1070974.jpg,714,705
1070975,1070975.jpg,673,692
1070991,1070991.jpg,635,672
1070992,1070992.jpg,613,774
1070993,1070993.jpg,523,710
1070994,1070994.jpg,937,589
1070995,1070995.jpg,984,922
1071001,1071001.jpg,785,695
1071002,1071002.jpg,704,588
1071003,1071003.jpg,638,624
1071011,1071011.jpg,789,724
1071012,1071012.jpg,712,881
1071013,1071013.jpg,887,597
1071021,1071021.jpg,700,718
1071022,1071022.jpg,539,748
1071023,1071023.jpg,612,606
1071024,1071024.jpg,758,669
1071031,1071031.jpg,538,580
1071033,1071033.jpg,597,896
1071034,1071034.jpg,625,590
1071041,1071041.jpg,900,886
1071042,1071042.jpg,693,670
1071043,1071043.jpg,1009,978
1071044,1071044.jpg,755,702
1071051,1071051.jpg,762,620
1071052,1071052.jpg,1032,956
1071053,1071053.jpg,549,465
1071061,1071061.jpg,828,870
1071062,1071062.jpg,796,632
1071063,1071063.jpg,685,616
1071071,1071071.jpg,580,597
1071072,1071072.jpg,774,736
1071073,1071073.jpg,767,650
1071074,1071074.jpg,925,918
1071075,1071075.jpg,812,811
1071081,1071081.jpg,681,775
1071082,1071082.jpg,905,881
1071083,1071083.jpg,780,530
1071084,1071084.jpg,689,714
1071091,1071091.jpg,820,617
1071092,1071092.jpg,689,675
1071093,1071093.jpg,644,691
1071094,1071094.jpg,534,767
1071101,1071101.jpg,593,618
1071102,1071102.jpg,1269,887
1071104,1071104.jpg,548,671
1071111,1071111.jpg,929,715
1071112,1071112.jpg,779,794
1071113,1071113.jpg,1287,1004
1071114,1071114.jpg,636,581
1071121,1071121.jpg,654,626
1071122,1071122.jpg,1261,964
1071123,1071123.jpg,620,844
1071131,1071131.jpg,718,621
1071141,1071141.jpg,615,629
1071142,1071142.jpg,771,681
1071143,1071143.jpg,610,556
1071144,1071144.jpg,710,745
1071151,1071151.jpg,1228,983
1071152,1071152.jpg,790,630
1071153,1071153.jpg,649,971
1071154,1071154.jpg,715,782
1071161,1071161.jpg,1015,945
1071162,1071162.jpg,632,636
1071171,1071171.jpg,595,485
1071172,1071172.jpg,1034,1021
1071173,1071173.jpg,899,593
1071174,1071174.jpg,615,764
1071181,1071181.jpg,691,591
1071182,1071182.jpg,624,702
1071183,1071183.jpg,1046,839
1071184,1071184.jpg,551,709
1071191,1071191.jpg,628,763
1071192,1071192.jpg,653,850
1071193,1071193.jpg,568,446
1071194,1071194.jpg,1314,805
1071195,1071195.jpg,812,664
1071201,1071201.jpg,550,561
1071202,1071202.jpg,802,907
1071203,1071203.jpg,556,467
1071204,1071204.jpg,624,906
1071211,1071211.jpg,821,832
1071212,1071212.jpg,744,665
1071213,1071213.jpg,511,628
1071214,1071214.jpg,890,924
1071221,1071221.jpg,586,558
1071222,1071222.jpg,642,553
1071223,1071223.jpg,642,610
1071224,1071224.jpg,797,732
1071231,1071231.jpg,1138,884
1071232,1071232.jpg,416,558
1071233,1071233.jpg,506,483
1071234,1071234.jpg,645,680
1071241,1071241.jpg,750,572
1071242,1071242.jpg,677,622
1071243,1071243.jpg,1249,1014
1071244,1071244.jpg,983,626
1071251,1071251.jpg,661,673
1071252,1071252.jpg,661,652
1071253,1071253.jpg,522,626
1071254,1071254.jpg,574,564
1071255,1071255.jpg,535,632
1071261,1071261.jpg,749,802
1071262,1071262.jpg,784,813
1071263,1071263.jpg,672,689
1071264,1071264.jpg,697,860
1071271,1071271.jpg,680,644
1071272,1071272.jpg,659,654
1071273,1071273.jpg,961,870
1071274,1071274.jpg,608,687
1071281,1071281.jpg,735,551
1071282,1071282.jpg,1109,833
1071283,1071283.jpg,684,572
1071284,1071284.jpg,683,625
1071285,1071285.jpg,551,561
1071291,1071291.jpg,853,830
1071292,1071292.jpg,711,826
1071293,1071293.jpg,800,947
1071294,1071294.jpg,730,497
1071295,1071295.jpg,543,575
1071301,1071301.jpg,536,674
1071311,1071311.jpg,1067,775
1071321,1071321.jpg,1310,959
1071322,1071322.jpg,1103,865
1071323,1071323.jpg,673,618
1071324,1071324.jpg,786,1020
1071325,1071325.jpg,836,818
1071331,1071331.jpg,692,1022
1071332,1071332.jpg,843,598
1071333,1071333.jpg,961,641
1071341,1071341.jpg,858,559
1071351,1071351.jpg,891,677
1071353,1071353.jpg,628,704
1071354,1071354.jpg,643,828
1071361,1071361.jpg,601,559
1071362,1071362.jpg,646,542
1071363,1071363.jpg,553,662
1071364,1071364.jpg,901,847
1071371,1071371.jpg,1156,1004
1071372,1071372.jpg,840,767
1071373,1071373.jpg,666,685
1071381,1071381.jpg,990,834
1071382,1071382.jpg,730,695
1071383,1071383.jpg,598,648
1071384,1071384.jpg,604,817
1071391,1071391.jpg,737,678
1071392,1071392.jpg,458,751
1071393,1071393.jpg,786,751
1071394,1071394.jpg,1283,635
1071401,1071401.jpg,923,592
1071402,1071402.jpg,654,830
1071403,1071403.jpg,564,651
1071404,1071404.jpg,746,752
1071405,1071405.jpg,911,754
1071411,1071411.jpg,711,680
1071412,1071412.jpg,499,641
1071413,1071413.jpg,773,628
1071414,1071414.jpg,610,638
1071421,1071421.jpg,808,587
1071422,1071422.jpg,738,731
1071423,1071423.jpg,693,556
1071424,1071424.jpg,698,760
1071431,1071431.jpg,735,829
1071432,1071432.jpg,826,819
1071433,1071433.jpg,743,807
1071441,1071441.jpg,607,503
1071442,1071442.jpg,803,1012
1071443,1071443.jpg,851,833
1071444,1071444.jpg,546,696
1071451,1071451.jpg,542,539
1071452,1071452.jpg,659,554
1071453,1071453.jpg,1266,983
1071461,1071461.jpg,600,696
1071462,1071462.jpg,590,504
1071463,1071463.jpg,462,623
1071464,1071464.jpg,495,649
1071471,1071471.jpg,531,637
1071472,1071472.jpg,727,553
1071473,1071473.jpg,813,781
1071474,1071474.jpg,560,713
1071481,1071481.jpg,730,668
1071482,1071482.jpg,622,668
1071483,1071483.jpg,507,705
1071484,1071484.jpg,814,803
1071491,1071491.jpg,811,704
1071492,1071492.jpg,531,505
1071493,1071493.jpg,731,740
1071494,1071494.jpg,1237,994
1071501,1071501.jpg,501,426
1071502,1071502.jpg,469,577
1071503,1071503.jpg,797,753
1071504,1071504.jpg,730,675
1071505,1071505.jpg,686,652
1071511,1071511.jpg,684,695
1071512,1071512.jpg,669,557
1071521,1071521.jpg,574,554
1071522,1071522.jpg,908,914
1071523,1071523.jpg,723,551
1071531,1071531.jpg,652,689
1071532,1071532.jpg,589,742
1071533,1071533.jpg,556,619
1071534,1071534.jpg,648,815
1071541,1071541.jpg,1022,660
1071542,1071542.jpg,873,801
1071543,1071543.jpg,870,661
1071544,1071544.jpg,724,897
1071545,1071545.jpg,574,519
1071551,1071551.jpg,678,484
1071552,1071552.jpg,607,465
1071553,1071553.jpg,535,575
1071561,1071561.jpg,498,696
1071562,1071562.jpg,641,619
1071563,1071563.jpg,591,650
1071564,1071564.jpg,1244,1008
1071571,1071571.jpg,687,634
1071572,1071572.jpg,746,792
1071573,1071573.jpg,1203,808
1071574,1071574.jpg,1319,879
1071581,1071581.jpg,552,658
1071582,1071582.jpg,937,847
1071583,1071583.jpg,668,537
1071584,1071584.jpg,788,680
1071592,1071592.jpg,624,555
1071593,1071593.jpg,614,700
1071594,1071594.jpg,735,690
1071601,1071601.jpg,672,819
1071602,1071602.jpg,766,676
1071603,1071603.jpg,549,495
1071604,1071604.jpg,692,584
1071611,1071611.jpg,625,662
1071612,1071612.jpg,647,459
1071613,1071613.jpg,798,907
1071614,1071614.jpg,552,620
1071615,1071615.jpg,565,651
1071621,1071621.jpg,727,629
1071622,1071622.jpg,660,770
1071623,1071623.jpg,715,659
1071624,1071624.jpg,746,835
1071625,1071625.jpg,643,941
1071631,1071631.jpg,817,632
1071632,1071632.jpg,513,504
1071633,1071633.jpg,547,557
1071641,1071641.jpg,559,674
1071642,1071642.jpg,582,543
1071643,1071643.jpg,1036,528
1071644,1071644.jpg,826,896
1071651,1071651.jpg,646,891
1071652,1071652.jpg,805,747
1071653,1071653.jpg,646,418
1071654,1071654.jpg,663,587
1071661,1071661.jpg,525,526
1071662,1071662.jpg,783,620
1071663,1071663.jpg,695,650
1071671,1071671.jpg,703,609
1071672,1071672.jpg,645,654
1071673,1071673.jpg,1303,887
1071681,1071681.jpg,916,686
1071682,1071682.jpg,779,844
1071683,1071683.jpg,581,500
1071691,1071691.jpg,1111,950
1071692,1071692.jpg,1299,796
1071693,1071693.jpg,596,554
1071694,1071694.jpg,514,476
1071701,1071701.jpg,673,583
1071702,1071702.jpg,666,865
1071703,1071703.jpg,1070,800
1071711,1071711.jpg,630,516
1071712,1071712.jpg,527,552
1071713,1071713.jpg,755,984
1071721,1071721.jpg,524,630
1071722,1071722.jpg,490,590
1071723,1071723.jpg,613,719
1071731,1071731.jpg,677,617
1071732,1071732.jpg,1063,693
1071733,1071733.jpg,948,885
1071734,1071734.jpg,525,655
1071735,1071735.jpg,593,583
1071741,1071741.jpg,1068,748
1071742,1071742.jpg,575,578
1071743,1071743.jpg,598,648
1071744,1071744.jpg,572,788
1071751,1071751.jpg,559,648
1071752,1071752.jpg,702,972
1071753,1071753.jpg,641,642
1071761,1071761.jpg,625,695
1071762,1071762.jpg,646,580
1071763,1071763.jpg,688,719
1071764,1071764.jpg,755,710
1071771,1071771.jpg,692,599
1071772,1071772.jpg,708,570
1071773,1071773.jpg,958,750
1071774,1071774.jpg,917,889
1071775,1071775.jpg,966,818
1071782,1071782.jpg,586,519
1071783,1071783.jpg,550,604
1071784,1071784.jpg,768,919
1071791,1071791.jpg,557,642
1071792,1071792.jpg,583,545
1071793,1071793.jpg,562,726
1071801,1071801.jpg,470,551
1071802,1071802.jpg,604,521
1071803,1071803.jpg,1304,1011
1071804,1071804.jpg,1138,889
1071805,1071805.jpg,881,723
1071811,1071811.jpg,804,670
1071812,1071812.jpg,546,509
1071813,1071813.jpg,667,572
1071814,1071814.jpg,1155,813
1071821,1071821.jpg,728,696
1071822,1071822.jpg,938,709
1071823,1071823.jpg,828,668
1071831,1071831.jpg,583,643
1071832,1071832.jpg,977,862
1071833,1071833.jpg,585,572
1071834,1071834.jpg,538,737
1071841,1071841.jpg,577,569
1071843,1071843.jpg,953,893
1071844,1071844.jpg,1134,991
1071851,1071851.jpg,902,684
1071852,1071852.jpg,685,640
1071853,1071853.jpg,1060,987
1071854,1071854.jpg,733,585
1071861,1071861.jpg,509,604
1071862,1071862.jpg,832,768
1071863,1071863.jpg,966,825
1071871,1071871.jpg,944,590
1071872,1071872.jpg,832,714
1071873,1071873.jpg,864,998
1071874,1071874.jpg,495,685
1071881,1071881.jpg,618,565
1071882,1071882.jpg,659,573
1071883,1071883.jpg,766,524
1071884,1071884.jpg,675,670
1071891,1071891.jpg,1053,810
1071892,1071892.jpg,684,633
1071893,1071893.jpg,1155,620
1071894,1071894.jpg,1197,563
1071901,1071901.jpg,1100,970
1071902,1071902.jpg,684,587
1071903,1071903.jpg,1072,531
1071904,1071904.jpg,1085,520
1071905,1071905.jpg,708,810
1071911,1071911.jpg,667,549
1071912,1071912.jpg,527,606
1071913,1071913.jpg,629,721
1071914,1071914.jpg,670,796
1071921,1071921.jpg,1082,872
1071931,1071931.jpg,564,526
1071932,1071932.jpg,829,709
1071933,1071933.jpg,1251,951
1071941,1071941.jpg,718,764
1071942,1071942.jpg,650,608
1071943,1071943.jpg,1120,933
1071944,1071944.jpg,1193,846
1071951,1071951.jpg,623,908
1071961,1071961.jpg,789,540
1071962,1071962.jpg,883,658
1071963,1071963.jpg,896,839
1071964,1071964.jpg,631,783
1071971,1071971.jpg,775,520
1071972,1071972.jpg,840,641
1071973,1071973.jpg,812,673
1071981,1071981.jpg,811,562
1071982,1071982.jpg,1168,947
1071983,1071983.jpg,783,956
1071991,1071991.jpg,814,670
1071992,1071992.jpg,650,669
1071993,1071993.jpg,967,600
1071994,1071994.jpg,718,952
1080011,1080011.jpg,534,633
1080012,1080012.jpg,1253,693
1080013,1080013.jpg,885,941
1080014,1080014.jpg,630,790
1080021,1080021.jpg,664,785
1080022,1080022.jpg,720,745
1080023,1080023.jpg,609,603
1080024,1080024.jpg,673,701
1080025,1080025.jpg,759,806
1080031,1080031.jpg,670,605
1080032,1080032.jpg,743,641
1080033,1080033.jpg,947,771
1080034,1080034.jpg,729,782
1080041,1080041.jpg,751,743
1080042,1080042.jpg,626,634
1080043,1080043.jpg,719,690
1080044,1080044.jpg,510,678
1080045,1080045.jpg,827,848
1080051,1080051.jpg,890,787
1080052,1080052.jpg,736,745
1080053,1080053.jpg,907,771
1080061,1080061.jpg,695,817
1080062,1080062.jpg,787,802
1080063,1080063.jpg,853,869
1080071,1080071.jpg,975,762
1080072,1080072.jpg,648,575
1080073,1080073.jpg,824,609
1080074,1080074.jpg,782,615
1080075,1080075.jpg,697,689
1080076,1080076.jpg,651,566
1080077,1080077.jpg,877,740
1080078,1080078.jpg,736,788
1080081,1080081.jpg,953,982
1080082,1080082.jpg,964,680
1080083,1080083.jpg,728,737
1080091,1080091.jpg,1165,1020
1080092,1080092.jpg,1092,882
1080093,1080093.jpg,659,642
1080094,1080094.jpg,957,877
1080101,1080101.jpg,938,911
1080102,1080102.jpg,971,832
1080103,1080103.jpg,858,812
1080104,1080104.jpg,815,833
1080111,1080111.jpg,704,721
1080112,1080112.jpg,1172,897
1080113,1080113.jpg,663,837
1080121,1080121.jpg,666,604
1080122,1080122.jpg,679,671
1080123,1080123.jpg,789,885
1080124,1080124.jpg,914,937
1080131,1080131.jpg,769,650
1080132,1080132.jpg,697,778
1080133,1080133.jpg,761,823
1080134,1080134.jpg,650,769
1080141,1080141.jpg,944,890
1080142,1080142.jpg,705,831
1080143,1080143.jpg,758,681
1080144,1080144.jpg,701,759
1080151,1080151.jpg,699,660
1080152,1080152.jpg,764,771
1080153,1080153.jpg,939,877
1080154,1080154.jpg,800,926
1080155,1080155.jpg,742,747
1080161,1080161.jpg,857,956
1080162,1080162.jpg,740,797
1080163,1080163.jpg,879,814
1080164,1080164.jpg,679,796
1080171,1080171.jpg,845,714
1080172,1080172.jpg,960,980
1080173,1080173.jpg,902,748
1080174,1080174.jpg,715,718
1080175,1080175.jpg,724,680
1080176,1080176.jpg,837,798
1080181,1080181.jpg,805,806
1080182,1080182.jpg,1271,788
1080183,1080183.jpg,708,628
1080184,1080184.jpg,873,752
1080191,1080191.jpg,786,765
1080192,1080192.jpg,755,766
1080193,1080193.jpg,533,661
1080194,1080194.jpg,704,589
1080195,1080195.jpg,983,961
1080201,1080201.jpg,972,943
1080202,1080202.jpg,1092,855
1080203,1080203.jpg,941,888
1080204,1080204.jpg,811,705
1080211,1080211.jpg,895,646
1080212,1080212.jpg,709,629
1080213,1080213.jpg,980,972
1080214,1080214.jpg,565,754
1080221,1080221.jpg,618,854
1080222,1080222.jpg,682,755
1080223,1080223.jpg,766,624
1080231,1080231.jpg,824,698
1080232,1080232.jpg,1061,764
1080233,1080233.jpg,812,834
1080234,1080234.jpg,819,734
1080241,1080241.jpg,1037,608
1080242,1080242.jpg,854,871
1080243,1080243.jpg,656,841
1080244,1080244.jpg,845,721
1080245,1080245.jpg,674,729
1080251,1080251.jpg,723,651
1080252,1080252.jpg,707,714
1080253,1080253.jpg,684,671
1080254,1080254.jpg,688,816
1080261,1080261.jpg,627,703
1080262,1080262.jpg,695,721
1080263,1080263.jpg,598,774
1080264,1080264.jpg,828,708
1080271,1080271.jpg,745,788
1080272,1080272.jpg,536,574
1080273,1080273.jpg,692,734
1080274,1080274.jpg,793,684
1080291,1080291.jpg,750,951
1080292,1080292.jpg,740,877
1080293,1080293.jpg,658,841
1080301,1080301.jpg,698,716
1080302,1080302.jpg,579,562
1080303,1080303.jpg,876,632
1080311,1080311.jpg,833,812
1080312,1080312.jpg,838,770
1080313,1080313.jpg,793,914
1080314,1080314.jpg,829,715
1080321,1080321.jpg,674,607
1080322,1080322.jpg,638,973
1080323,1080323.jpg,1313,903
1080324,1080324.jpg,765,722
1080331,1080331.jpg,780,689
1080332,1080332.jpg,997,904
1080333,1080333.jpg,523,751
1080334,1080334.jpg,912,594
1080335,1080335.jpg,803,886
1080341,1080341.jpg,598,593
1080342,1080342.jpg,661,682
1080343,1080343.jpg,587,685
1080344,1080344.jpg,1360,1024
1080351,1080351.jpg,754,749
1080352,1080352.jpg,798,845
1080353,1080353.jpg,931,1001
1080354,1080354.jpg,1038,852
1080361,1080361.jpg,778,837
1080362,1080362.jpg,1116,977
1080363,1080363.jpg,964,1001
1080364,1080364.jpg,694,648
1080371,1080371.jpg,706,605
1080372,1080372.jpg,864,643
1080373,1080373.jpg,1141,767
1080374,1080374.jpg,1032,828
1080381,1080381.jpg,771,766
1080382,1080382.jpg,1197,733
1080383,1080383.jpg,1028,731
1080384,1080384.jpg,1360,1024
1080391,1080391.jpg,808,727
1080392,1080392.jpg,1360,1024
1080393,1080393.jpg,849,741
1080394,1080394.jpg,906,627
1080401,1080401.jpg,742,744
1080402,1080402.jpg,1106,954
1080403,1080403.jpg,676,784
1080404,1080404.jpg,664,671
1080411,1080411.jpg,682,735
1080412,1080412.jpg,1166,829
1080413,1080413.jpg,1255,997
1080421,1080421.jpg,1171,1015
1080422,1080422.jpg,1171,955
1080423,1080423.jpg,682,787
1080424,1080424.jpg,732,775
1080431,1080431.jpg,902,789
1080432,1080432.jpg,1013,865
1080433,1080433.jpg,1137,1002
1080434,1080434.jpg,615,622
1080441,1080441.jpg,794,838
1080442,1080442.jpg,782,706
1080443,1080443.jpg,733,798
1080444,1080444.jpg,758,740
1080451,1080451.jpg,727,751
1080452,1080452.jpg,779,647
1080453,1080453.jpg,673,701
1080454,1080454.jpg,1063,881
1080461,1080461.jpg,556,595
1080462,1080462.jpg,569,553
1080463,1080463.jpg,848,718
1080464,1080464.jpg,625,474
1080471,1080471.jpg,557,611
1080472,1080472.jpg,589,581
1080473,1080473.jpg,732,744
1080474,1080474.jpg,732,597
1080481,1080481.jpg,770,611
1080482,1080482.jpg,681,912
1080483,1080483.jpg,511,531
1080484,1080484.jpg,599,637
1080491,1080491.jpg,728,908
1080492,1080492.jpg,583,591
1080493,1080493.jpg,716,682
1080494,1080494.jpg,762,762
1080495,1080495.jpg,1266,908
1080501,1080501.jpg,860,711
1080502,1080502.jpg,780,707
1080503,1080503.jpg,826,983
1080504,1080504.jpg,650,752
1080511,1080511.jpg,483,536
1080512,1080512.jpg,555,595
1080513,1080513.jpg,538,547
1080521,1080521.jpg,629,628
1080522,1080522.jpg,746,815
1080531,1080531.jpg,703,687
1080532,1080532.jpg,677,725
1080533,1080533.jpg,569,603
1080534,1080534.jpg,608,605
1080541,1080541.jpg,722,852
1080542,1080542.jpg,696,663
1080543,1080543.jpg,582,688
1080544,1080544.jpg,639,696
1080551,1080551.jpg,640,532
1080552,1080552.jpg,552,568
1080553,1080553.jpg,675,559
1080554,1080554.jpg,597,682
1080561,1080561.jpg,673,628
1080562,1080562.jpg,955,732
1080563,1080563.jpg,684,731
1080564,1080564.jpg,935,786
1080571,1080571.jpg,656,858
1080572,1080572.jpg,942,720
1080573,1080573.jpg,647,649
1080581,1080581.jpg,602,659
1080582,1080582.jpg,776,715
1080583,1080583.jpg,562,612
1080591,1080591.jpg,826,974
1080592,1080592.jpg,554,740
1080593,1080593.jpg,766,948
1080601,1080601.jpg,910,654
1080602,1080602.jpg,681,552
1080603,1080603.jpg,665,607
1080604,1080604.jpg,472,456
1080611,1080611.jpg,822,628
1080612,1080612.jpg,652,556
1080613,1080613.jpg,643,602
1080614,1080614.jpg,671,633
1080621,1080621.jpg,626,611
1080622,1080622.jpg,951,836
1080624,1080624.jpg,687,768
1080631,1080631.jpg,684,731
1080632,1080632.jpg,677,651
1080633,1080633.jpg,576,584
1080634,1080634.jpg,682,614
1080641,1080641.jpg,723,799
1080642,1080642.jpg,689,684
1080643,1080643.jpg,936,982
1080644,1080644.jpg,607,605
1080645,1080645.jpg,1241,927
1080651,1080651.jpg,718,907
1080652,1080652.jpg,596,736
1080653,1080653.jpg,1360,1024
1080654,1080654.jpg,1249,998
1080661,1080661.jpg,549,503
1080671,1080671.jpg,833,764
1080672,1080672.jpg,806,628
1080673,1080673.jpg,785,734
1080674,1080674.jpg,950,887
1080675,1080675.jpg,854,743
1080681,1080681.jpg,574,686
1080682,1080682.jpg,657,593
1080683,1080683.jpg,617,729
1080684,1080684.jpg,523,590
1080691,1080691.jpg,781,647
1080692,1080692.jpg,591,538
1080693,1080693.jpg,726,603
1080694,1080694.jpg,504,558
1080701,1080701.jpg,861,629
1080702,1080702.jpg,645,504
1080703,1080703.jpg,552,669
1080704,1080704.jpg,670,679
1080711,1080711.jpg,643,604
1080712,1080712.jpg,707,744
1080713,1080713.jpg,675,629
1080721,1080721.jpg,570,627
1080722,1080722.jpg,541,570
1080723,1080723.jpg,701,714
1080724,1080724.jpg,618,577
1080731,1080731.jpg,717,738
1080732,1080732.jpg,674,873
1080733,1080733.jpg,953,635
1080734,1080734.jpg,693,768
1080741,1080741.jpg,866,923
1080742,1080742.jpg,599,661
1080743,1080743.jpg,739,737
1080744,1080744.jpg,588,643
1080751,1080751.jpg,667,700
1080752,1080752.jpg,729,904
1080753,1080753.jpg,653,522
1080761,1080761.jpg,841,593
1080762,1080762.jpg,810,733
1080763,1080763.jpg,585,615
1080764,1080764.jpg,907,739
1080781,1080781.jpg,800,708
1080782,1080782.jpg,700,657
1080783,1080783.jpg,736,810
1080791,1080791.jpg,746,799
1080792,1080792.jpg,752,773
1080793,1080793.jpg,976,832
1080794,1080794.jpg,677,793
1080795,1080795.jpg,863,919
1080801,1080801.jpg,687,589
1080802,1080802.jpg,984,822
1080803,1080803.jpg,693,612
1080804,1080804.jpg,799,686
1080811,1080811.jpg,1084,959
1080812,1080812.jpg,715,829
1080813,1080813.jpg,661,770
1080814,1080814.jpg,875,716
1080821,1080821.jpg,747,659
1080822,1080822.jpg,626,1007
1080823,1080823.jpg,680,666
1080824,1080824.jpg,676,627
1080831,1080831.jpg,740,774
1080832,1080832.jpg,907,827
1080833,1080833.jpg,751,725
1080834,1080834.jpg,891,824
1080841,1080841.jpg,662,622
1080842,1080842.jpg,583,591
1080843,1080843.jpg,567,605
1080844,1080844.jpg,605,611
1080852,1080852.jpg,719,974
1080853,1080853.jpg,775,683
1080854,1080854.jpg,678,668
1080861,1080861.jpg,826,840
1080862,1080862.jpg,717,978
1080863,1080863.jpg,1195,982
1080864,1080864.jpg,1037,986
1080865,1080865.jpg,634,568
1080866,1080866.jpg,1033,634
1080867,1080867.jpg,725,734
1080868,1080868.jpg,666,590
1080871,1080871.jpg,797,824
1080872,1080872.jpg,674,652
1080873,1080873.jpg,634,720
1080874,1080874.jpg,815,637
1080881,1080881.jpg,693,603
1080893,1080893.jpg,685,620
1080894,1080894.jpg,560,647
1080902,1080902.jpg,929,594
1080903,1080903.jpg,1355,996
1080904,1080904.jpg,846,781
1080911,1080911.jpg,895,623
1080914,1080914.jpg,645,598
1080921,1080921.jpg,600,765
1080922,1080922.jpg,750,707
1080923,1080923.jpg,668,785
1080924,1080924.jpg,693,758
1080931,1080931.jpg,731,564
1080933,1080933.jpg,638,928
1080934,1080934.jpg,997,781
1080941,1080941.jpg,759,740
1080942,1080942.jpg,664,723
1080943,1080943.jpg,795,698
1080944,1080944.jpg,484,590
1080952,1080952.jpg,814,525
1080953,1080953.jpg,551,549
1080961,1080961.jpg,782,613
1080962,1080962.jpg,763,852
1080963,1080963.jpg,870,1007
1080964,1080964.jpg,701,751
1080971,1080971.jpg,751,802
1080972,1080972.jpg,662,757
1080973,1080973.jpg,714,915
1080974,1080974.jpg,1072,839
1080981,1080981.jpg,888,941
1080982,1080982.jpg,741,583
1080983,1080983.jpg,857,897
1080984,1080984.jpg,747,651
1080992,1080992.jpg,710,1012
1080993,1080993.jpg,681,698
1080994,1080994.jpg,784,697
1081001,1081001.jpg,599,508
1081002,1081002.jpg,609,679
1081004,1081004.jpg,590,597
1081011,1081011.jpg,795,856
1081012,1081012.jpg,819,825
1081013,1081013.jpg,967,837
1081014,1081014.jpg,740,831
1081022,1081022.jpg,930,926
1081023,1081023.jpg,677,833
1081024,1081024.jpg,1081,1007
1090901,1090901.jpg,628,683
1090912,1090912.jpg,1360,1024
1091001,1091001.jpg,836,839
1091002,1091002.jpg,773,664
1091003,1091003.jpg,723,657
1091004,1091004.jpg,841,708
1091011,1091011.jpg,830,867
1091012,1091012.jpg,1360,1024
1091013,1091013.jpg,850,765
1091014,1091014.jpg,1200,830
1091015,1091015.jpg,752,499
1091021,1091021.jpg,864,826
1091022,1091022.jpg,671,818
1091023,1091023.jpg,687,719
1091024,1091024.jpg,782,819
1091031,1091031.jpg,661,679
1091032,1091032.jpg,548,578
1091033,1091033.jpg,672,687
1091041,1091041.jpg,927,834
1091042,1091042.jpg,687,738
1091043,1091043.jpg,591,662
1091051,1091051.jpg,599,928
1091052,1091052.jpg,611,617
1091053,1091053.jpg,578,527
1091061,1091061.jpg,835,679
1091062,1091062.jpg,810,689
1091063,1091063.jpg,639,591
1091064,1091064.jpg,840,813
1091065,1091065.jpg,865,840
1091071,1091071.jpg,650,639
1091072,1091072.jpg,533,573
1091073,1091073.jpg,806,651
1091074,1091074.jpg,787,745
1091075,1091075.jpg,795,744
1091081,1091081.jpg,728,651
1091082,1091082.jpg,787,824
1091083,1091083.jpg,761,665
1091084,1091084.jpg,1250,719
1091085,1091085.jpg,578,604
1091091,1091091.jpg,700,714
1091092,1091092.jpg,1157,826
1091093,1091093.jpg,661,590
1091101,1091101.jpg,1167,926
1091102,1091102.jpg,716,695
1091111,1091111.jpg,577,582
1091112,1091112.jpg,1015,629
1091113,1091113.jpg,624,570
1091121,1091121.jpg,864,779
1091122,1091122.jpg,949,918
1091123,1091123.jpg,685,682
1091124,1091124.jpg,785,720
1091131,1091131.jpg,927,766
1091132,1091132.jpg,909,805
1091133,1091133.jpg,549,524
1091134,1091134.jpg,804,723
1091141,1091141.jpg,868,877
1091142,1091142.jpg,652,846
1091143,1091143.jpg,1128,863
1091144,1091144.jpg,1015,786
1091152,1091152.jpg,1039,767
1091153,1091153.jpg,708,709
1091161,1091161.jpg,749,794
1091162,1091162.jpg,1058,925
1091163,1091163.jpg,662,591
1091164,1091164.jpg,1262,566
1091171,1091171.jpg,806,822
1091172,1091172.jpg,935,922
1091173,1091173.jpg,632,728
1091174,1091174.jpg,533,583
1091181,1091181.jpg,928,699
1091182,1091182.jpg,1192,995
1091191,1091191.jpg,650,648
1091192,1091192.jpg,822,726
1091193,1091193.jpg,996,649
1091194,1091194.jpg,703,668
1091195,1091195.jpg,782,752
1091196,1091196.jpg,688,743
1091201,1091201.jpg,846,639
1091202,1091202.jpg,911,685
1091203,1091203.jpg,912,534
1091211,1091211.jpg,622,650
1091221,1091221.jpg,771,756
1091222,1091222.jpg,680,598
1091223,1091223.jpg,797,710
1091224,1091224.jpg,1048,1007
1091225,1091225.jpg,866,897
1091226,1091226.jpg,817,853
1091231,1091231.jpg,881,824
1091232,1091232.jpg,723,827
1091233,1091233.jpg,501,383
1091234,1091234.jpg,696,724
1091235,1091235.jpg,779,715
1091241,1091241.jpg,640,612
1091242,1091242.jpg,1056,732
1091251,1091251.jpg,848,768
1091252,1091252.jpg,860,680
1091253,1091253.jpg,688,697
1091254,1091254.jpg,769,610
1091261,1091261.jpg,1058,678
1091262,1091262.jpg,590,615
1091263,1091263.jpg,522,510
1091264,1091264.jpg,603,676
1091265,1091265.jpg,525,415
1091271,1091271.jpg,933,902
1091272,1091272.jpg,1217,962
1091273,1091273.jpg,1316,963
1091274,1091274.jpg,683,693
1091281,1091281.jpg,489,554
1091282,1091282.jpg,800,667
1091283,1091283.jpg,792,883
1091284,1091284.jpg,710,774
1091285,1091285.jpg,583,588
1091286,1091286.jpg,821,927
1091291,1091291.jpg,644,648
1091293,1091293.jpg,721,746
1091294,1091294.jpg,728,734
1091295,1091295.jpg,586,551
1091296,1091296.jpg,899,646
1091301,1091301.jpg,528,646
1091302,1091302.jpg,834,883
1091303,1091303.jpg,608,566
1091304,1091304.jpg,764,540
1091305,1091305.jpg,525,670
1091311,1091311.jpg,853,819
1091312,1091312.jpg,1240,953
1091313,1091313.jpg,779,1015
1091314,1091314.jpg,951,576
1091315,1091315.jpg,650,539
1091321,1091321.jpg,1011,857
1091322,1091322.jpg,1211,936
1091323,1091323.jpg,911,731
1091324,1091324.jpg,762,740
1091331,1091331.jpg,781,808
1091332,1091332.jpg,809,861
1091333,1091333.jpg,1297,779
1091334,1091334.jpg,529,572
1091341,1091341.jpg,664,626
1091342,1091342.jpg,587,626
1091343,1091343.jpg,629,616
1091344,1091344.jpg,550,478
1091345,1091345.jpg,550,426
1091346,1091346.jpg,532,518
1091347,1091347.jpg,514,449
1091351,1091351.jpg,537,525
1091352,1091352.jpg,615,615
1091353,1091353.jpg,532,658
1091354,1091354.jpg,681,631
1091355,1091355.jpg,652,470
1091356,1091356.jpg,621,692
1091361,1091361.jpg,680,589
1091362,1091362.jpg,577,706
1091363,1091363.jpg,853,859
1091364,1091364.jpg,774,606
1091365,1091365.jpg,579,630
1091367,1091367.jpg,669,848
1091371,1091371.jpg,980,925
1091372,1091372.jpg,792,676
1091373,1091373.jpg,817,647
1091374,1091374.jpg,982,732
1091375,1091375.jpg,826,1016
1091376,1091376.jpg,1017,918
1091377,1091377.jpg,1019,979
1091381,1091381.jpg,751,684
1091382,1091382.jpg,832,765
1091384,1091384.jpg,588,775
1091391,1091391.jpg,627,705
1091392,1091392.jpg,728,768
1091393,1091393.jpg,593,704
1091395,1091395.jpg,655,601
1091401,1091401.jpg,698,559
1091402,1091402.jpg,768,724
1091403,1091403.jpg,1288,784
1091412,1091412.jpg,1040,680
1091413,1091413.jpg,594,539
1091414,1091414.jpg,938,687
1091421,1091421.jpg,672,766
1091422,1091422.jpg,940,800
1091423,1091423.jpg,860,702
1091424,1091424.jpg,901,1017
1091425,1091425.jpg,1255,913
1091431,1091431.jpg,860,763
1091432,1091432.jpg,917,811
1091433,1091433.jpg,781,764
1091434,1091434.jpg,696,615
1091435,1091435.jpg,695,720
1091441,1091441.jpg,726,605
1091442,1091442.jpg,719,748
1091443,1091443.jpg,480,563
1091444,1091444.jpg,590,563
1091445,1091445.jpg,590,524
1091451,1091451.jpg,792,602
1091452,1091452.jpg,611,663
1091453,1091453.jpg,1000,656
1091454,1091454.jpg,1006,817
1091455,1091455.jpg,640,586
1091461,1091461.jpg,1165,976
1091462,1091462.jpg,1111,844
1091463,1091463.jpg,760,560
1091464,1091464.jpg,1282,953
1091465,1091465.jpg,765,741
1091471,1091471.jpg,1007,654
1091472,1091472.jpg,688,883
1091473,1091473.jpg,1229,885
1091474,1091474.jpg,771,747
1091481,1091481.jpg,844,796
1091482,1091482.jpg,827,802
1091483,1091483.jpg,900,680
1091484,1091484.jpg,664,586
1091491,1091491.jpg,683,693
1091492,1091492.jpg,678,566
1091493,1091493.jpg,812,745
1091494,1091494.jpg,778,696
1091501,1091501.jpg,792,705
1091502,1091502.jpg,799,686
1091503,1091503.jpg,962,1011
1091504,1091504.jpg,642,593
1091511,1091511.jpg,511,660
1091512,1091512.jpg,592,623
1091513,1091513.jpg,693,588
1091514,1091514.jpg,818,873
1091521,1091521.jpg,745,614
1091522,1091522.jpg,989,810
1091523,1091523.jpg,693,758
1091524,1091524.jpg,584,632
1091525,1091525.jpg,914,768
1091526,1091526.jpg,616,787
1091527,1091527.jpg,640,636
1091531,1091531.jpg,651,621
1091532,1091532.jpg,690,603
1091533,1091533.jpg,553,617
1091534,1091534.jpg,676,465
1091535,1091535.jpg,479,517
1091541,1091541.jpg,693,611
1091542,1091542.jpg,742,712
1091543,1091543.jpg,1076,798
1091544,1091544.jpg,500,598
1091545,1091545.jpg,515,454
1091551,1091551.jpg,639,681
1091552,1091552.jpg,693,735
1091553,1091553.jpg,532,692
1091554,1091554.jpg,579,553
1091561,1091561.jpg,784,653
1091562,1091562.jpg,900,833
1091563,1091563.jpg,582,621
1091564,1091564.jpg,786,682
1091571,1091571.jpg,710,694
1091572,1091572.jpg,955,839
1091573,1091573.jpg,735,727
1091574,1091574.jpg,672,683
1091575,1091575.jpg,667,719
1091576,1091576.jpg,766,806
1091577,1091577.jpg,793,945
1091578,1091578.jpg,819,601
1091579,1091579.jpg,981,1003
1091581,1091581.jpg,817,1001
1091582,1091582.jpg,1136,902
1091583,1091583.jpg,1206,869
1091584,1091584.jpg,590,551
1091585,1091585.jpg,646,721
1091586,1091586.jpg,813,876
1091591,1091591.jpg,704,658
1091592,1091592.jpg,745,780
1091593,1091593.jpg,850,809
1091594,1091594.jpg,662,762
1091595,1091595.jpg,893,836
1091601,1091601.jpg,852,861
1091602,1091602.jpg,1159,777
1091603,1091603.jpg,1360,1024
1091604,1091604.jpg,658,641
1091611,1091611.jpg,747,778
1091612,1091612.jpg,682,651
1091613,1091613.jpg,692,990
1091614,1091614.jpg,694,733
1091615,1091615.jpg,700,639
1091621,1091621.jpg,569,571
1091622,1091622.jpg,593,525
1091623,1091623.jpg,634,573
1091631,1091631.jpg,665,542
1091632,1091632.jpg,808,918
1091633,1091633.jpg,500,431
1091634,1091634.jpg,766,915
1091641,1091641.jpg,567,527
1091642,1091642.jpg,650,809
1091643,1091643.jpg,925,833
1091644,1091644.jpg,727,633
1091651,1091651.jpg,815,852
1091652,1091652.jpg,980,928
1091653,1091653.jpg,928,914
1091654,1091654.jpg,660,754
1091655,1091655.jpg,829,522
1091661,1091661.jpg,882,697
1091662,1091662.jpg,552,681
1091663,1091663.jpg,868,658
1091671,1091671.jpg,1064,714
1091672,1091672.jpg,877,912
1091673,1091673.jpg,1046,772
1091674,1091674.jpg,1045,891
1091675,1091675.jpg,830,815
1091681,1091681.jpg,864,936
1091682,1091682.jpg,725,741
1091683,1091683.jpg,741,889
1091684,1091684.jpg,1048,984
1091691,1091691.jpg,925,653
1091692,1091692.jpg,850,812
1091701,1091701.jpg,710,705
1091702,1091702.jpg,729,730
1091711,1091711.jpg,657,631
1091712,1091712.jpg,1264,1011
1091713,1091713.jpg,710,938
1091714,1091714.jpg,1250,1002
1091715,1091715.jpg,630,646
1091721,1091721.jpg,946,740
1091722,1091722.jpg,927,1007
1091723,1091723.jpg,1078,584
1091724,1091724.jpg,709,614
1091731,1091731.jpg,681,789
1091732,1091732.jpg,725,712
1091733,1091733.jpg,954,828
1091741,1091741.jpg,817,666
1091742,1091742.jpg,936,952
1091743,1091743.jpg,754,787
1091744,1091744.jpg,726,614
1091751,1091751.jpg,831,720
1091752,1091752.jpg,1282,717
1091753,1091753.jpg,754,758
1091754,1091754.jpg,769,1010
1091755,1091755.jpg,1133,716
1091756,1091756.jpg,990,950
1100011,1100011.jpg,848,771
1100012,1100012.jpg,711,708
1100013,1100013.jpg,669,816
1100014,1100014.jpg,664,627
1100021,1100021.jpg,920,636
1100022,1100022.jpg,860,839
1100023,1100023.jpg,848,676
1100031,1100031.jpg,863,875
1100032,1100032.jpg,636,542
1100041,1100041.jpg,653,726
1100042,1100042.jpg,913,948
1100043,1100043.jpg,772,733
1100044,1100044.jpg,1110,907
1100051,1100051.jpg,676,615
1100052,1100052.jpg,741,587
1100053,1100053.jpg,716,802
1100054,1100054.jpg,831,716
1100061,1100061.jpg,874,562
1100062,1100062.jpg,1360,1024
1100063,1100063.jpg,867,924
1100071,1100071.jpg,708,738
1100072,1100072.jpg,790,729
1100073,1100073.jpg,683,685
1100074,1100074.jpg,673,646
1100081,1100081.jpg,1252,985
1100082,1100082.jpg,930,800
1100083,1100083.jpg,777,861
1100091,1100091.jpg,1230,915
1100092,1100092.jpg,791,1020
1100093,1100093.jpg,924,929
1100094,1100094.jpg,719,829
1100101,1100101.jpg,1218,756
1100102,1100102.jpg,704,671
1100103,1100103.jpg,753,963
1100104,1100104.jpg,729,880
1100111,1100111.jpg,761,830
1100112,1100112.jpg,638,639
1100113,1100113.jpg,842,850
1100114,1100114.jpg,609,649
1100121,1100121.jpg,677,735
1100122,1100122.jpg,1360,650
1100123,1100123.jpg,816,844
1100124,1100124.jpg,861,535
1100131,1100131.jpg,812,673
1100132,1100132.jpg,652,838
1100133,1100133.jpg,1185,833
1100134,1100134.jpg,633,772
1100141,1100141.jpg,906,669
1100142,1100142.jpg,1025,673
1100143,1100143.jpg,838,894
1100144,1100144.jpg,774,630
1100151,1100151.jpg,1094,902
1100152,1100152.jpg,604,700
1100153,1100153.jpg,661,596
1100154,1100154.jpg,985,742
1100161,1100161.jpg,588,553
1100162,1100162.jpg,491,595
1100163,1100163.jpg,615,702
1100164,1100164.jpg,671,568
1100165,1100165.jpg,640,1010
1100166,1100166.jpg,638,664
1100167,1100167.jpg,595,717
1100168,1100168.jpg,870,767
1100169,1100169.jpg,785,726
1100171,1100171.jpg,528,766
1100173,1100173.jpg,721,659
1100174,1100174.jpg,787,809
1100181,1100181.jpg,850,785
1100182,1100182.jpg,602,552
1100183,1100183.jpg,571,591
1100184,1100184.jpg,763,675
1100185,1100185.jpg,641,603
1100191,1100191.jpg,688,726
1100192,1100192.jpg,593,676
1100193,1100193.jpg,607,623
1100194,1100194.jpg,633,652
1100201,1100201.jpg,738,664
1100202,1100202.jpg,443,462
1100203,1100203.jpg,448,607
1100211,1100211.jpg,844,842
1100212,1100212.jpg,775,758
1100213,1100213.jpg,1095,833
1100214,1100214.jpg,918,995
1100221,1100221.jpg,518,742
1100222,1100222.jpg,603,697
1100223,1100223.jpg,661,717
1100224,1100224.jpg,718,675
1100231,1100231.jpg,653,721
1100232,1100232.jpg,754,726
1100241,1100241.jpg,628,719
1100242,1100242.jpg,593,579
1100243,1100243.jpg,757,747
1100244,1100244.jpg,570,480
1100251,1100251.jpg,793,646
1100252,1100252.jpg,571,593
1100253,1100253.jpg,484,548
1100254,1100254.jpg,858,701
1100261,1100261.jpg,727,760
1100262,1100262.jpg,694,631
1100263,1100263.jpg,587,579
1100264,1100264.jpg,615,730
1100271,1100271.jpg,604,528
1100273,1100273.jpg,832,647
1100281,1100281.jpg,625,631
1100282,1100282.jpg,866,699
1100283,1100283.jpg,519,592
1100284,1100284.jpg,733,914
1100291,1100291.jpg,928,704
1100292,1100292.jpg,765,894
1100293,1100293.jpg,643,633
1100294,1100294.jpg,982,887
1100301,1100301.jpg,711,759
1100302,1100302.jpg,630,649
1100303,1100303.jpg,696,643
1100304,1100304.jpg,557,553
1100311,1100311.jpg,1307,582
1100312,1100312.jpg,642,622
1100313,1100313.jpg,707,698
1100314,1100314.jpg,1029,555
1100321,1100321.jpg,538,595
1100322,1100322.jpg,820,703
1100323,1100323.jpg,621,636
1100331,1100331.jpg,850,591
1100332,1100332.jpg,707,613
1100334,1100334.jpg,637,660
1100335,1100335.jpg,1321,953
1100336,1100336.jpg,1244,803
1100337,1100337.jpg,716,768
1100338,1100338.jpg,679,750
1100341,1100341.jpg,721,639
1100342,1100342.jpg,603,558
1100343,1100343.jpg,729,753
1100351,1100351.jpg,1320,739
1100352,1100352.jpg,542,588
1100353,1100353.jpg,739,589
1100354,1100354.jpg,957,585
1100361,1100361.jpg,779,879
1100362,1100362.jpg,618,597
1100363,1100363.jpg,569,562
1100364,1100364.jpg,1247,646
1100371,1100371.jpg,893,566
1100372,1100372.jpg,641,613
1100373,1100373.jpg,1079,607
1100374,1100374.jpg,874,572
1100381,1100381.jpg,614,518
1100382,1100382.jpg,721,641
1100383,1100383.jpg,572,713
1100384,1100384.jpg,644,733
1100385,1100385.jpg,665,686
1100386,1100386.jpg,643,721
1100387,1100387.jpg,565,572
1100391,1100391.jpg,691,849
1100392,1100392.jpg,706,604
1100393,1100393.jpg,671,563
1100394,1100394.jpg,648,764
1100395,1100395.jpg,620,717
1100396,1100396.jpg,827,854
1100397,1100397.jpg,600,561
1100398,1100398.jpg,1360,1024
1100401,1100401.jpg,742,597
1100402,1100402.jpg,1088,661
1100403,1100403.jpg,758,688
1100411,1100411.jpg,682,754
1100412,1100412.jpg,696,610
1100413,1100413.jpg,596,631
1100414,1100414.jpg,697,616
1100415,1100415.jpg,712,639
1100421,1100421.jpg,576,670
1100422,1100422.jpg,1088,721
1100423,1100423.jpg,1085,952
1100424,1100424.jpg,656,999
1100431,1100431.jpg,683,718
1100432,1100432.jpg,1218,781
1100433,1100433.jpg,779,961
1100441,1100441.jpg,693,638
1100442,1100442.jpg,910,936
1100443,1100443.jpg,1245,902
1100451,1100451.jpg,834,946
1100452,1100452.jpg,798,836
1100453,1100453.jpg,823,932
1100454,1100454.jpg,706,611
1100455,1100455.jpg,801,738
1100456,1100456.jpg,1267,640
1100461,1100461.jpg,1123,729
1100462,1100462.jpg,906,638
1100463,1100463.jpg,823,566
1100464,1100464.jpg,876,916
1100471,1100471.jpg,604,570
1100472,1100472.jpg,710,676
1100473,1100473.jpg,609,661
1100481,1100481.jpg,803,800
1100482,1100482.jpg,941,984
1100483,1100483.jpg,745,940
1100491,1100491.jpg,520,721
1100492,1100492.jpg,721,535
1100493,1100493.jpg,916,578
1100494,1100494.jpg,755,717
1100501,1100501.jpg,649,774
1100502,1100502.jpg,702,581
1100503,1100503.jpg,539,820
1100504,1100504.jpg,813,564
1100511,1100511.jpg,772,774
1100512,1100512.jpg,824,592
1100513,1100513.jpg,786,627
1100521,1100521.jpg,780,867
1100523,1100523.jpg,1134,831
1100524,1100524.jpg,677,601
1100525,1100525.jpg,680,738
1100526,1100526.jpg,693,696
1100531,1100531.jpg,974,726
1100532,1100532.jpg,631,625
1100533,1100533.jpg,721,518
1100534,1100534.jpg,966,628
1100541,1100541.jpg,702,600
1100542,1100542.jpg,559,778
1100543,1100543.jpg,755,638
1100544,1100544.jpg,676,676
1100551,1100551.jpg,758,757
1100552,1100552.jpg,557,554
1100553,1100553.jpg,701,608
1100561,1100561.jpg,1030,963
1100562,1100562.jpg,747,781
1100563,1100563.jpg,1192,928
1100564,1100564.jpg,736,884
1100571,1100571.jpg,431,544
1100572,1100572.jpg,1044,859
1100573,1100573.jpg,737,885
1100574,1100574.jpg,749,884
1100575,1100575.jpg,769,662
1100581,1100581.jpg,699,576
1100582,1100582.jpg,629,831
1100583,1100583.jpg,651,675
1100584,1100584.jpg,754,961
1100591,1100591.jpg,654,916
1100592,1100592.jpg,619,603
1100593,1100593.jpg,670,678
1100601,1100601.jpg,813,730
1100602,1100602.jpg,1252,903
1100603,1100603.jpg,677,891
1100604,1100604.jpg,676,560
1100611,1100611.jpg,846,564
1100612,1100612.jpg,729,912
1100613,1100613.jpg,864,467
1100614,1100614.jpg,623,612
1100621,1100621.jpg,1157,730
1100622,1100622.jpg,636,653
1100623,1100623.jpg,717,754
1100631,1100631.jpg,492,755
1100632,1100632.jpg,654,585
1100633,1100633.jpg,696,572
1100634,1100634.jpg,636,576
1100641,1100641.jpg,557,473
1100642,1100642.jpg,600,545
1100643,1100643.jpg,858,792
1100644,1100644.jpg,506,467
1100652,1100652.jpg,1052,625
1100653,1100653.jpg,791,601
1100654,1100654.jpg,546,832
1100661,1100661.jpg,664,671
1100662,1100662.jpg,781,739
1100663,1100663.jpg,1265,955
1100664,1100664.jpg,743,852
1100665,1100665.jpg,1084,1012
1100671,1100671.jpg,769,682
1100672,1100672.jpg,1126,726
1100673,1100673.jpg,952,891
1100681,1100681.jpg,1167,781
1100682,1100682.jpg,568,452
1100683,1100683.jpg,651,612
1100684,1100684.jpg,605,977
1100691,1100691.jpg,1298,1001
1100693,1100693.jpg,625,477
1100694,1100694.jpg,514,460
1100701,1100701.jpg,1121,862
1100702,1100702.jpg,632,696
1100703,1100703.jpg,726,766
1100704,1100704.jpg,1007,963
1100711,1100711.jpg,633,559
1100712,1100712.jpg,618,612
1100713,1100713.jpg,444,433
1100721,1100721.jpg,557,538
1100722,1100722.jpg,548,792
1100723,1100723.jpg,614,733
1100724,1100724.jpg,879,917
1100731,1100731.jpg,563,705
1100732,1100732.jpg,586,595
1100733,1100733.jpg,592,713
1100734,1100734.jpg,547,518
1100741,1100741.jpg,534,500
1100742,1100742.jpg,590,592
1100743,1100743.jpg,404,473
1100751,1100751.jpg,547,500
1100752,1100752.jpg,518,555
1100753,1100753.jpg,918,595
1100754,1100754.jpg,549,732
1100761,1100761.jpg,629,668
1100762,1100762.jpg,625,675
1100763,1100763.jpg,670,713
1100771,1100771.jpg,439,521
1100772,1100772.jpg,563,523
1100773,1100773.jpg,448,487
1100774,1100774.jpg,571,537
1100781,1100781.jpg,768,494
1100782,1100782.jpg,674,928
1100783,1100783.jpg,630,748
1100784,1100784.jpg,669,880
1100791,1100791.jpg,508,468
1100792,1100792.jpg,490,474
1100793,1100793.jpg,766,863
1100801,1100801.jpg,530,491
1100802,1100802.jpg,610,653
1100803,1100803.jpg,718,641
1100804,1100804.jpg,505,627
1100812,1100812.jpg,509,440
1100813,1100813.jpg,493,700
1100814,1100814.jpg,1052,524
1100821,1100821.jpg,558,532
1100822,1100822.jpg,785,760
1100823,1100823.jpg,810,848
1100824,1100824.jpg,1031,630
1100831,1100831.jpg,518,534
1100832,1100832.jpg,425,474
1100841,1100841.jpg,1275,945
1100842,1100842.jpg,879,915
1100843,1100843.jpg,569,691
1100844,1100844.jpg,679,757
1100851,1100851.jpg,801,935
1100852,1100852.jpg,641,630
1100853,1100853.jpg,899,532
1100854,1100854.jpg,1224,990
1100855,1100855.jpg,622,559
1100861,1100861.jpg,642,643
1100862,1100862.jpg,656,725
1100863,1100863.jpg,545,528
1100864,1100864.jpg,965,800
1100871,1100871.jpg,938,696
1100872,1100872.jpg,739,704
1100873,1100873.jpg,647,661
1100874,1100874.jpg,546,636
1100875,1100875.jpg,657,688
1100876,1100876.jpg,565,673
1100881,1100881.jpg,725,759
1100882,1100882.jpg,866,628
1100883,1100883.jpg,1031,791
1100891,1100891.jpg,818,686
1100892,1100892.jpg,638,633
1100901,1100901.jpg,969,1009
1100902,1100902.jpg,755,594
1100903,1100903.jpg,1092,732
1100911,1100911.jpg,851,774
1100912,1100912.jpg,1043,953
1100913,1100913.jpg,691,808
1100914,1100914.jpg,598,654
1100921,1100921.jpg,683,615
1100922,1100922.jpg,776,689
1100923,1100923.jpg,975,771
1100924,1100924.jpg,1259,752
1100925,1100925.jpg,620,642
1100926,1100926.jpg,538,498
1100927,1100927.jpg,609,499
1100928,1100928.jpg,1059,697
1100929,1100929.jpg,659,893
1100931,1100931.jpg,649,681
1100932,1100932.jpg,777,694
1100933,1100933.jpg,843,691
1100934,1100934.jpg,612,818
1100941,1100941.jpg,524,480
1100942,1100942.jpg,881,520
1100943,1100943.jpg,735,638
1100944,1100944.jpg,511,554
1100951,1100951.jpg,794,731
1100952,1100952.jpg,781,722
1100953,1100953.jpg,785,753
1100954,1100954.jpg,682,743
1100955,1100955.jpg,778,724
1100961,1100961.jpg,674,731
1100962,1100962.jpg,704,624
1100963,1100963.jpg,905,863
1100964,1100964.jpg,1131,1009
1100971,1100971.jpg,503,614
1100972,1100972.jpg,1028,963
1100973,1100973.jpg,816,664
1100974,1100974.jpg,1343,824
1100981,1100981.jpg,593,488
1100982,1100982.jpg,867,975
1100983,1100983.jpg,957,860
1100984,1100984.jpg,607,553
1100985,1100985.jpg,711,717
1100991,1100991.jpg,768,782
1100992,1100992.jpg,947,970
1100993,1100993.jpg,737,888
1100994,1100994.jpg,818,650
1100995,1100995.jpg,601,614
1100996,1100996.jpg,982,712
1100998,1100998.jpg,513,501
1100999,1100999.jpg,673,548
1101001,1101001.jpg,880,885
1101002,1101002.jpg,1182,1017
1101003,1101003.jpg,1203,801
1101011,1101011.jpg,869,857
1101012,1101012.jpg,646,617
1101013,1101013.jpg,687,613
1101014,1101014.jpg,681,944
1101021,1101021.jpg,665,517
1101022,1101022.jpg,474,455
1101023,1101023.jpg,553,512
1101024,1101024.jpg,585,562
1101025,1101025.jpg,718,594
1101026,1101026.jpg,722,526
1101031,1101031.jpg,830,853
1101032,1101032.jpg,687,761
1101033,1101033.jpg,816,765
1101034,1101034.jpg,763,685
1101035,1101035.jpg,502,650
1101041,1101041.jpg,1070,578
1101042,1101042.jpg,646,867
1101043,1101043.jpg,547,503
1101044,1101044.jpg,535,570
1101051,1101051.jpg,667,468
1101052,1101052.jpg,545,695
1101053,1101053.jpg,487,646
1101054,1101054.jpg,811,627
1101061,1101061.jpg,647,590
1101062,1101062.jpg,566,602
1101063,1101063.jpg,672,606
1101064,1101064.jpg,1035,981
1101071,1101071.jpg,780,508
1101072,1101072.jpg,675,660
1101073,1101073.jpg,834,712
1101081,1101081.jpg,728,593
1101082,1101082.jpg,889,540
1101083,1101083.jpg,1215,688
1101084,1101084.jpg,979,567
1101085,1101085.jpg,537,464
1101086,1101086.jpg,859,845
1101091,1101091.jpg,942,866
1101092,1101092.jpg,854,660
1101093,1101093.jpg,582,610
1101094,1101094.jpg,631,639
1101101,1101101.jpg,1050,1000
1101102,1101102.jpg,682,828
1101103,1101103.jpg,659,717
1101104,1101104.jpg,895,941
1101111,1101111.jpg,676,532
1101112,1101112.jpg,851,834
1101113,1101113.jpg,626,673
1101114,1101114.jpg,1112,1010
1101121,1101121.jpg,741,612
1101122,1101122.jpg,671,737
1101123,1101123.jpg,627,641
1101124,1101124.jpg,661,769
1101131,1101131.jpg,645,656
1101132,1101132.jpg,932,635
1101133,1101133.jpg,775,832
1101134,1101134.jpg,891,764
1101135,1101135.jpg,744,653
1101136,1101136.jpg,741,631
1101141,1101141.jpg,646,608
1101142,1101142.jpg,815,760
1101143,1101143.jpg,816,727
1101151,1101151.jpg,652,666
1101152,1101152.jpg,676,632
1101153,1101153.jpg,1014,681
1101154,1101154.jpg,1194,1010
1101161,1101161.jpg,1241,1016
1101162,1101162.jpg,961,816
1101163,1101163.jpg,693,1012
1101164,1101164.jpg,585,578
1101171,1101171.jpg,1005,804
1101172,1101172.jpg,1356,795
1101173,1101173.jpg,1062,1002
1101181,1101181.jpg,633,627
1101182,1101182.jpg,796,698
1101183,1101183.jpg,836,940
1101184,1101184.jpg,878,690
1101191,1101191.jpg,656,644
1101192,1101192.jpg,831,646
1101193,1101193.jpg,848,668
1101194,1101194.jpg,837,863
1101201,1101201.jpg,574,963
1101202,1101202.jpg,607,771
1101203,1101203.jpg,592,490
1101204,1101204.jpg,619,572
1101211,1101211.jpg,1169,794
1101212,1101212.jpg,543,544
1101213,1101213.jpg,566,401
1101214,1101214.jpg,878,587
1101215,1101215.jpg,1315,845
1101216,1101216.jpg,661,731
1101221,1101221.jpg,583,536
1101222,1101222.jpg,1153,704
1101223,1101223.jpg,866,775
1101224,1101224.jpg,792,507
1101231,1101231.jpg,831,601
1101232,1101232.jpg,908,633
1101233,1101233.jpg,818,993
1101234,1101234.jpg,881,928
1101241,1101241.jpg,954,668
1101242,1101242.jpg,531,629
1101243,1101243.jpg,1138,678
1101244,1101244.jpg,599,534
1101245,1101245.jpg,655,497
1101246,1101246.jpg,1163,755
1101253,1101253.jpg,679,631
1101255,1101255.jpg,487,485
1101261,1101261.jpg,583,601
1101262,1101262.jpg,932,830
1101263,1101263.jpg,740,768
1101264,1101264.jpg,682,631
1101265,1101265.jpg,606,604
1101271,1101271.jpg,629,601
1101272,1101272.jpg,899,862
1101273,1101273.jpg,794,836
1101281,1101281.jpg,593,537
1101282,1101282.jpg,652,616
1101283,1101283.jpg,784,980
1101284,1101284.jpg,1059,814
1101285,1101285.jpg,1244,751
1101291,1101291.jpg,505,529
1101292,1101292.jpg,574,571
1101293,1101293.jpg,706,664
1101294,1101294.jpg,829,901
1101303,1101303.jpg,746,822
1101311,1101311.jpg,695,696
1101312,1101312.jpg,732,661
1101313,1101313.jpg,727,756
1101314,1101314.jpg,837,824
1101321,1101321.jpg,859,638
1101322,1101322.jpg,674,666
1101323,1101323.jpg,498,499
1101324,1101324.jpg,506,514
1101325,1101325.jpg,566,598
1101326,1101326.jpg,607,730
1101331,1101331.jpg,740,695
1101332,1101332.jpg,744,783
1101333,1101333.jpg,650,604
1101334,1101334.jpg,935,828
1101341,1101341.jpg,997,919
1101342,1101342.jpg,819,758
1101343,1101343.jpg,560,534
1101344,1101344.jpg,605,652
1101351,1101351.jpg,870,839
1101352,1101352.jpg,620,698
1101353,1101353.jpg,730,973
1101354,1101354.jpg,536,595
1101361,1101361.jpg,818,848
1101362,1101362.jpg,572,550
1101363,1101363.jpg,1211,971
1101364,1101364.jpg,887,678
1101371,1101371.jpg,488,564
1101372,1101372.jpg,844,869
1101373,1101373.jpg,651,557
1101374,1101374.jpg,627,713
1101381,1101381.jpg,1359,739
1101382,1101382.jpg,736,757
1101383,1101383.jpg,623,634
1101384,1101384.jpg,683,739
1101391,1101391.jpg,769,799
1101392,1101392.jpg,1043,579
1101393,1101393.jpg,613,721
1101394,1101394.jpg,1010,731
1101401,1101401.jpg,562,599
1101402,1101402.jpg,765,787
1101403,1101403.jpg,741,831
1101404,1101404.jpg,876,777
1101411,1101411.jpg,708,546
1101412,1101412.jpg,774,771
1101413,1101413.jpg,789,661
1101414,1101414.jpg,652,732
1101421,1101421.jpg,702,601
1101461,1101461.jpg,1008,887
1101462,1101462.jpg,759,689
1101463,1101463.jpg,1230,756
1101464,1101464.jpg,707,711
1101465,1101465.jpg,788,685
1101471,1101471.jpg,851,836
1101472,1101472.jpg,803,664
1101473,1101473.jpg,831,683
1101474,1101474.jpg,1181,701
1101475,1101475.jpg,598,650
unknow001,unknow001.jpg,1005,887
unknow002,unknow002.jpg,856,775
unknow003,unknow003.jpg,672,726
unknow004,unknow004.jpg,724,689
unknow005,unknow005.jpg,1114,1022
unknow006,unknow006.jpg,661,635
unknow007,unknow007.jpg,660,712
unknow008,unknow008.jpg,697,725
unknow009,unknow009.jpg,831,819
unknow010,unknow010.jpg,1203,746
unknow011,unknow011.jpg,921,980
unknow012,unknow012.jpg,971,687
unknow013,unknow013.jpg,1354,880
unknow014,unknow014.jpg,782,805
unknow015,unknow015.jpg,745,658
unknow016,unknow016.jpg,776,789
unknow017,unknow017.jpg,664,646
unknow018,unknow018.jpg,1360,1024
unknow019,unknow019.jpg,673,656
unknow020,unknow020.jpg,809,679
unknow021,unknow021.jpg,702,737
unknow022,unknow022.jpg,615,585
unknow023,unknow023.jpg,723,626
unknow024,unknow024.jpg,677,777
unknow032,unknow032.jpg,1360,1024
unknow212,unknow212.jpg,689,726
unknow213,unknow213.jpg,908,620
unknow214,unknow214.jpg,552,582
unknow215,unknow215.jpg,656,598
unknow216,unknow216.jpg,876,969
unknow217,unknow217.jpg,753,712
unknow394,unknow394.jpg,664,646
unknow395,unknow395.jpg,809,679
unknow396,unknow396.jpg,702,737
unknow397,unknow397.jpg,1360,1024
unknow398,unknow398.jpg,673,656
unknow399,unknow399.jpg,615,585
